K,archetype,best_n_clusters,purity,balance,cluster_score,ari,nmi,cluster_sizes,decode_accuracy_overall,decode_intact,decode_intact_sem,decode_rest,decode_rest_sem,decode_word,decode_word_sem,cluster_rank,decode_rank,joint_rank_score
5,0,4,0.6851851851851852,0.9444444444444444,0.15190438590549094,0.28874919558631945,0.2897868017259071,"[30, 30, 24, 24]",0.005611111111111111,0.007583333333333333,0.0005596536881967728,0.0022500000000000003,0.0004366979828269512,0.007000000000000001,0.000629294363562392,3.0,4.0,-7.0
5,1,2,0.6111111111111112,1.0,0.16137845091894631,0.31658682867936283,0.3279164701672274,"[54, 54]",0.007111111111111111,0.007000000000000001,0.00044337478117411754,0.0069166666666666664,0.0006579288490181673,0.007416666666666667,0.0005532537786493135,1.0,2.0,-3.0
5,2,2,0.6203703703703703,0.9074074074074074,0.15319354424853943,0.3782261788701319,0.38835222583409346,"[44, 64]",0.007138888888888888,0.008583333333333333,0.0005454747794744822,0.006583333333333334,0.0008224719532969584,0.00625,0.0006448072217929582,2.0,1.0,-3.0
5,3,8,0.5740740740740741,0.9166666666666666,0.06131549626729834,0.05097493280099463,0.12654689658915474,"[13, 8, 18, 13, 14, 15, 11, 16]",0.006277777777777777,0.006750000000000001,0.00045428476077747075,0.004916666666666667,0.000596613185780614,0.007166666666666667,0.0005791977947731548,5.0,3.0,-8.0
5,4,4,0.5462962962962963,0.8981481481481481,0.07321545262667915,0.1006374926585272,0.136356557920378,"[29, 36, 19, 24]",0.005555555555555554,0.007250000000000001,0.0005709927876363794,0.004,0.0004653216269680751,0.005416666666666667,0.0006049122278635169,4.0,5.0,-9.0
10,0,4,0.4351851851851852,0.8703703703703703,0.0358671120712365,0.011076908905282066,0.039073062513209106,"[25, 27, 41, 15]",0.0060555555555555545,0.007666666666666667,0.0008623164985025763,0.004916666666666667,0.0006643924886069821,0.005583333333333334,0.0006686668711812965,10.0,5.0,-15.0
10,1,3,0.7407407407407407,0.9444444444444444,0.2216228234454693,0.38184663536776214,0.355929351540184,"[36, 42, 30]",0.005805555555555555,0.008083333333333335,0.0005954181656808868,0.002916666666666667,0.0003809476113865037,0.006416666666666666,0.0004200715581423169,1.0,7.0,-8.0
10,2,2,0.5833333333333334,0.9907407407407407,0.13905781665984804,0.26007184556124885,0.26178482325026525,"[53, 55]",0.006750000000000001,0.007916666666666667,0.0005019548679499876,0.004,0.0005748776656683841,0.008333333333333335,0.0005967623950328606,4.0,2.0,-6.0
10,3,2,0.6296296296296297,0.9259259259259259,0.16342433195639347,0.43069708720353506,0.4668476417911602,"[62, 46]",0.006694444444444444,0.00875,0.000568492533533872,0.00475,0.0005322571942188483,0.006583333333333334,0.0007009100718172971,2.0,4.0,-6.0
10,4,2,0.39814814814814814,0.9444444444444444,0.04214980004603257,0.005571066645985213,0.015369180205470127,"[60, 48]",0.007666666666666666,0.0085,0.0005462902602399647,0.005833333333333334,0.0005168113941217019,0.008666666666666666,0.00047441672090180913,9.0,1.0,-10.0
10,5,2,0.5925925925925926,0.9722222222222222,0.14306032299573718,0.2760449592649867,0.272212066408912,"[57, 51]",0.006694444444444445,0.0075,0.0005304140187994953,0.0045000000000000005,0.000566767210788584,0.008083333333333335,0.0006072625513464554,3.0,3.0,-6.0
10,6,6,0.5370370370370371,0.9166666666666666,0.0579626894175572,0.054006264524603415,0.09049152760101585,"[15, 21, 15, 24, 15, 18]",0.005944444444444444,0.005916666666666666,0.0004991088925371763,0.005583333333333334,0.0004976798018658031,0.006333333333333334,0.0005699002761767401,7.0,6.0,-13.0
10,7,3,0.5925925925925926,0.8796296296296297,0.10568366796458457,0.15313211660128265,0.14441337865325443,"[45, 40, 23]",0.0055,0.006833333333333333,0.0005462902602399647,0.004,0.0005623515948579823,0.005666666666666667,0.0005748776656683841,5.0,8.0,-13.0
10,8,5,0.5,0.9111111111111111,0.05093265948749521,0.027577289195574298,0.05381182009778104,"[23, 23, 28, 12, 22]",0.004750000000000001,0.005083333333333334,0.0007059726877843333,0.003,0.00040998922923799857,0.006166666666666667,0.0005277215444626347,8.0,10.0,-18.0
10,9,2,0.4537037037037037,0.9907407407407407,0.06542775187150601,0.04618365075398899,0.04977613099823106,"[55, 53]",0.004805555555555555,0.005416666666666667,0.0006165742596507072,0.004666666666666667,0.0006515377383555189,0.004333333333333333,0.0005495400822454191,6.0,9.0,-15.0
25,0,2,0.4537037037037037,0.962962962962963,0.06359332892183762,0.04893818266626932,0.052169470854975884,"[50, 58]",0.004416666666666667,0.0055,0.0006264584123867621,0.002916666666666667,0.0004651302547095317,0.004833333333333334,0.0005717718748968656,7.0,15.5,-22.5
25,1,4,0.4351851851851852,0.8703703703703703,0.0358671120712365,0.011076908905282066,0.039073062513209106,"[25, 27, 41, 15]",0.005333333333333333,0.005916666666666666,0.0006590105247982552,0.003,0.0003922322702763681,0.007083333333333333,0.0008866491547656962,25.0,8.0,-33.0
25,2,3,0.8518518518518519,0.9907407407407407,0.3535831906080021,0.6049368655789741,0.5653354269344861,"[35, 37, 36]",0.006527777777777777,0.008916666666666666,0.0006470126398497606,0.00375,0.0005493780477196366,0.0069166666666666664,0.0003846687997096794,1.0,3.0,-4.0
25,3,3,0.6944444444444444,0.9722222222222222,0.187982508182273,0.39315906746592566,0.4296927621965745,"[33, 37, 38]",0.005694444444444444,0.009583333333333334,0.0006336650053706132,0.003,0.00042700841014689907,0.0045000000000000005,0.000648799021993846,2.0,5.0,-7.0
25,4,2,0.5833333333333334,0.9907407407407407,0.13905781665984804,0.26007184556124885,0.26178482325026525,"[53, 55]",0.006083333333333333,0.007166666666666667,0.0004228178434916492,0.004416666666666667,0.0004976798018658033,0.006666666666666666,0.0005202453946507077,4.0,4.0,-8.0
25,5,2,0.6203703703703703,0.962962962962963,0.16257274083518466,0.3816711799841926,0.4121180234928291,"[50, 58]",0.006722222222222222,0.008083333333333335,0.0005583795745617396,0.006583333333333334,0.0007009100718172972,0.0055,0.0005913671446023186,3.0,2.0,-5.0
25,6,4,0.46296296296296297,0.9166666666666666,0.04547997214178055,0.028202078499424806,0.055676870837870825,"[21, 36, 25, 26]",0.007611111111111111,0.008416666666666666,0.0006084343084444759,0.006416666666666666,0.0005389065112987853,0.008,0.0006062354060275328,15.0,1.0,-16.0
25,7,2,0.5648148148148148,0.9074074074074074,0.11561270457828163,0.2052824670326851,0.20929911439576068,"[44, 64]",0.004555555555555555,0.005333333333333334,0.0005699002761767401,0.002666666666666667,0.00036201399289824567,0.005666666666666667,0.0005623515948579822,6.0,12.0,-18.0
25,8,3,0.4722222222222222,0.9351851851851852,0.05685599349799633,0.027909289325811888,0.040094068672621934,"[29, 39, 40]",0.005305555555555554,0.0069166666666666664,0.0006686668711812965,0.004083333333333333,0.0004991088925371764,0.004916666666666667,0.0005061938301996517,9.0,9.0,-18.0
25,9,6,0.5277777777777778,0.9351851851851852,0.05612744767324899,0.05313728467547367,0.09696385524227072,"[19, 21, 16, 21, 18, 13]",0.00525,0.006583333333333334,0.0004991088925371763,0.002666666666666667,0.0004336290903919939,0.006500000000000001,0.0005056659032384978,11.5,10.0,-21.5
25,10,3,0.6203703703703703,0.9074074074074074,0.12508200509913278,0.19945077927510138,0.18282646790775964,"[41, 26, 41]",0.005388888888888888,0.007083333333333333,0.0006107710786713059,0.0036666666666666666,0.0005443310539518174,0.005416666666666667,0.0006165742596507072,5.0,6.5,-11.5
25,11,2,0.4444444444444444,0.9722222222222222,0.06035357376382662,0.03738608622919888,0.042323866002913824,"[57, 51]",0.0045000000000000005,0.004583333333333333,0.0005428570089754134,0.004333333333333333,0.0005229763603684908,0.004583333333333333,0.0005019548679499876,8.0,13.0,-21.0
25,12,3,0.4351851851851852,0.8333333333333334,0.03965340027328636,0.013810944148372232,0.039625608324825874,"[52, 38, 18]",0.004083333333333333,0.005833333333333334,0.0006725170646750924,0.003,0.0005443310539518174,0.0034166666666666672,0.0004991088925371763,23.0,20.0,-43.0
25,13,3,0.42592592592592593,0.8240740740740741,0.03676273827583199,0.01632930049093936,0.04851362778003502,"[55, 31, 22]",0.004416666666666667,0.0055,0.0005540578101426393,0.004333333333333333,0.0005991446895152779,0.0034166666666666672,0.0004217636961434867,24.0,15.5,-39.5
25,14,4,0.5,0.9074074074074074,0.056712962962962965,0.07603631841377885,0.107748526996768,"[35, 24, 20, 29]",0.004222222222222222,0.006333333333333334,0.000743442366768637,0.0020833333333333337,0.0003517862436957438,0.00425,0.0005335936864527374,10.0,18.0,-28.0
25,15,6,0.5277777777777778,0.9351851851851852,0.05612744767324899,0.041403047021308904,0.07679784535079706,"[13, 16, 18, 21, 19, 21]",0.0036944444444444446,0.003916666666666667,0.000652493573338361,0.002416666666666667,0.0005061938301996517,0.00475,0.0005454747794744821,11.5,24.0,-35.5
25,16,4,0.4444444444444444,0.9537037037037037,0.04186353706243966,0.013041380095024736,0.03454222540359685,"[24, 25, 32, 27]",0.005388888888888888,0.006083333333333334,0.0005187029077928005,0.00475,0.0006633195892576047,0.005333333333333334,0.0006623793767520534,21.0,6.5,-27.5
25,17,5,0.4722222222222222,0.924074074074074,0.04351721016196382,0.02871328734094071,0.06803086101319888,"[29, 16, 22, 19, 22]",0.004,0.004333333333333333,0.0005364226763936139,0.0041666666666666675,0.0004425708371198287,0.0035000000000000005,0.0004295031251026405,19.0,21.0,-40.0
25,18,4,0.4537037037037037,0.9351851851851852,0.04367014121158323,0.013347597941820775,0.034957531700391696,"[32, 23, 24, 29]",0.004388888888888889,0.0041666666666666675,0.0006399563731569203,0.003916666666666667,0.00039381796885438396,0.005083333333333334,0.0005061938301996515,18.0,17.0,-35.0
25,19,2,0.4166666666666667,0.8703703703703703,0.04452002249947453,0.018809294302673633,0.02918663933461919,"[40, 68]",0.0038055555555555555,0.00575,0.0006535842445105027,0.002666666666666667,0.00046532162696807526,0.003,0.000557262335477027,16.0,22.0,-38.0
25,20,3,0.42592592592592593,0.9537037037037037,0.04254564092596287,0.0030629779033256757,0.018529638190660197,"[41, 32, 35]",0.004472222222222222,0.00525,0.0006414848782339682,0.004416666666666667,0.0005389065112987854,0.00375,0.0005621932528599517,20.0,14.0,-34.0
25,21,2,0.4351851851851852,0.9351851851851852,0.05450105733791639,0.03507809651638882,0.04176477555845208,"[47, 61]",0.004138888888888889,0.0035833333333333333,0.0005389065112987853,0.004583333333333333,0.0005558225853982065,0.00425,0.0005061938301996515,13.0,19.0,-32.0
25,22,3,0.4351851851851852,0.9722222222222222,0.04626230031883408,0.017663966169760553,0.03654325780543641,"[37, 33, 38]",0.004944444444444444,0.00575,0.0007159905377464497,0.00475,0.0006188802957865281,0.004333333333333333,0.0005495400822454191,14.0,11.0,-25.0
25,23,3,0.4351851851851852,0.9351851851851852,0.0444999269733547,0.008350120096954985,0.02488943779657911,"[43, 33, 32]",0.003361111111111111,0.003333333333333333,0.0005337605126836238,0.00375,0.000522806092950542,0.003,0.0004744167209018092,17.0,25.0,-42.0
25,24,2,0.3888888888888889,0.9537037037037037,0.039662042550264724,0.0018378962559335251,0.011994517659776393,"[49, 59]",0.0037222222222222227,0.0037500000000000007,0.0005493780477196366,0.002416666666666667,0.0005200742331410084,0.005,0.0005469417694282446,22.0,23.0,-45.0
50,0,2,0.4166666666666667,0.8611111111111112,0.044046405238841825,0.017064361081880492,0.027617558166660956,"[39, 69]",0.003944444444444444,0.0055,0.0006487990219938459,0.003916666666666667,0.0005583795745617396,0.002416666666666667,0.0004132337211096261,32.0,36.0,-68.0
50,1,2,0.4537037037037037,0.962962962962963,0.06359332892183762,0.04893818266626932,0.052169470854975884,"[50, 58]",0.004611111111111111,0.006,0.0006449452813645634,0.0025,0.0003530493940568014,0.005333333333333334,0.0006515377383555189,12.0,21.5,-33.5
50,2,4,0.4351851851851852,0.8703703703703703,0.0358671120712365,0.011076908905282066,0.039073062513209106,"[25, 27, 41, 15]",0.0050555555555555545,0.005166666666666667,0.0005717718748968656,0.004083333333333333,0.0006025527367540543,0.005916666666666666,0.0007307598589892382,48.0,13.0,-61.0
50,3,4,0.46296296296296297,0.8888888888888888,0.0441017911677872,0.017425825648515737,0.04022993199042114,"[33, 25, 33, 17]",0.004555555555555555,0.005666666666666667,0.0006109168300344763,0.003916666666666667,0.0005187029077928006,0.004083333333333333,0.0006906735223894966,31.0,23.5,-54.5
50,4,3,0.9166666666666666,0.9444444444444444,0.42000078899670984,0.7603039575982079,0.7204750666382056,"[42, 34, 32]",0.006277777777777777,0.007666666666666667,0.0003811812499312437,0.00375,0.0005228060929505419,0.007416666666666667,0.0004697016692749323,1.0,5.0,-6.0
50,5,2,0.5740740740740741,1.0,0.1337792645831964,0.23879996365099765,0.23505886598038836,"[54, 54]",0.005555555555555555,0.007250000000000001,0.0004757285610699276,0.003,0.0004744167209018092,0.006416666666666666,0.0004366979828269512,5.0,11.0,-16.0
50,6,4,0.6111111111111112,0.962962962962963,0.109885434130976,0.16493629997563602,0.1754974479745102,"[29, 29, 25, 25]",0.006638888888888889,0.00925,0.000526877324526037,0.0035833333333333333,0.00045271419510563445,0.007083333333333333,0.0006771346956192658,7.0,2.0,-9.0
50,7,3,0.7037037037037037,0.962962962962963,0.19373963037413888,0.3826643828331029,0.41601841355498137,"[32, 37, 39]",0.005444444444444444,0.010083333333333333,0.000740442425685472,0.0025,0.0003726779962499649,0.00375,0.0006448072217929582,2.0,12.0,-14.0
50,8,2,0.6203703703703703,0.962962962962963,0.16257274083518466,0.3816711799841926,0.4121180234928291,"[50, 58]",0.00636111111111111,0.007916666666666666,0.0006392603899459484,0.005333333333333334,0.00047441672090180913,0.005833333333333334,0.0005304140187994952,3.0,4.0,-7.0
50,9,3,0.5277777777777778,0.9907407407407407,0.08409161540728474,0.08054460556141324,0.08691781350290882,"[35, 36, 37]",0.007638888888888889,0.009833333333333335,0.0006195991719677601,0.006166666666666667,0.0006032910690206792,0.0069166666666666664,0.0005117911677922933,9.0,1.0,-10.0
50,10,2,0.5833333333333334,0.962962962962963,0.1351589993703196,0.254123531012322,0.24794867586956026,"[58, 50]",0.006361111111111111,0.007666666666666667,0.0005495400822454191,0.003916666666666667,0.000444778186658963,0.0075,0.0005937710859953544,4.0,3.0,-7.0
50,11,2,0.5092592592592593,0.9444444444444444,0.0882019568422739,0.12174913396411768,0.12314473390573469,"[60, 48]",0.006194444444444445,0.008083333333333335,0.0005954181656808868,0.0036666666666666666,0.00044337478117411754,0.006833333333333333,0.0005462902602399647,8.0,7.0,-15.0
50,12,2,0.48148148148148145,0.9537037037037037,0.07527265520607414,0.07662215376849625,0.07785300668507919,"[49, 59]",0.005805555555555555,0.007000000000000001,0.0004891995904702285,0.0035000000000000005,0.00033652319867709455,0.0069166666666666664,0.0004681828240069863,10.0,9.0,-19.0
50,13,3,0.6111111111111112,0.9074074074074074,0.11956449476159063,0.1648738744306264,0.1788990701506863,"[39, 26, 43]",0.00625,0.008916666666666666,0.0007861650943380503,0.0035833333333333333,0.00045271419510563445,0.00625,0.0006557601448101031,6.0,6.0,-12.0
50,14,2,0.4351851851851852,0.962962962962963,0.05611990062518123,0.0433926327109706,0.04716929522108822,"[58, 50]",0.00575,0.004416666666666667,0.0004831564663131095,0.0034166666666666672,0.000540226553720501,0.009416666666666667,0.0007537890989514279,20.0,10.0,-30.0
50,15,3,0.4351851851851852,0.8333333333333334,0.03965340027328636,0.013810944148372232,0.039625608324825874,"[52, 38, 18]",0.0044444444444444444,0.0051666666666666675,0.0006309898162000304,0.003916666666666667,0.0005322571942188482,0.00425,0.0004463766758603509,42.0,25.0,-67.0
50,16,7,0.5,0.8915343915343915,0.04212104080823729,0.028016741292035855,0.07905874479924514,"[19, 13, 13, 19, 14, 20, 10]",0.004611111111111111,0.0051666666666666675,0.0005330928945203023,0.00475,0.0005187029077928005,0.003916666666666667,0.0006072625513464553,38.0,21.5,-59.5
50,17,3,0.42592592592592593,0.8240740740740741,0.03676273827583199,0.01632930049093936,0.04851362778003502,"[55, 31, 22]",0.0040277777777777786,0.004416666666666667,0.0006246081392643932,0.004,0.0005229763603684907,0.0036666666666666666,0.0005310850045437943,46.0,34.0,-80.0
50,18,7,0.5277777777777778,0.91005291005291,0.0505674348131829,0.04212646547420249,0.09450915382010765,"[12, 13, 19, 16, 14, 21, 13]",0.004138888888888889,0.005583333333333334,0.0006470126398497605,0.002916666666666667,0.0004334237249576047,0.003916666666666667,0.0006072625513464553,23.0,31.0,-54.0
50,19,4,0.5,0.9074074074074074,0.056712962962962965,0.07603631841377885,0.107748526996768,"[35, 24, 20, 29]",0.004166666666666667,0.006083333333333334,0.0008514065787819366,0.0019166666666666668,0.0004904718932443306,0.0045000000000000005,0.0004552636129375564,18.0,28.0,-46.0
50,20,6,0.5277777777777778,0.9351851851851852,0.05612744767324899,0.041403047021308904,0.07679784535079706,"[13, 16, 18, 21, 19, 21]",0.004,0.0025833333333333337,0.0005268773245260372,0.004583333333333333,0.0005019548679499876,0.004833333333333334,0.0006195991719677601,19.0,35.0,-54.0
50,21,4,0.5185185185185185,0.8148148148148149,0.05679652115662886,0.05710772593756404,0.08155737545313961,"[41, 23, 33, 11]",0.004277777777777779,0.005,0.0006085806194501847,0.005,0.0005469417694282446,0.0028333333333333335,0.0004393403498655034,17.0,26.5,-43.5
50,22,3,0.49074074074074076,0.8703703703703703,0.059388152230632804,0.06117362301718797,0.07949264259493019,"[22, 42, 44]",0.004694444444444445,0.0038333333333333336,0.000566767210788584,0.006,0.0006224663745652351,0.00425,0.0005200742331410084,14.0,18.5,-32.5
50,23,3,0.37962962962962965,0.9814814814814815,0.03100286192472102,-0.013523291132731726,0.004873574493128764,"[37, 34, 37]",0.0036944444444444446,0.006166666666666667,0.00072156446049904,0.0018333333333333333,0.00041258686385768536,0.0030833333333333333,0.0005647213971599238,49.0,39.5,-88.5
50,24,6,0.5,0.8703703703703703,0.04441590197176288,0.0342042755344418,0.07183256248160803,"[21, 19, 28, 16, 9, 15]",0.006083333333333333,0.00825,0.0006425942346670646,0.004416666666666667,0.0006246081392643933,0.005583333333333334,0.0005647213971599238,30.0,8.0,-38.0
50,25,4,0.4444444444444444,0.9537037037037037,0.04186353706243966,0.013041380095024736,0.03454222540359685,"[24, 25, 32, 27]",0.004055555555555556,0.005,0.0006645264792282107,0.0030833333333333333,0.0004976798018658033,0.004083333333333333,0.0005906139063083313,39.0,33.0,-72.0
50,26,7,0.49074074074074076,0.9563492063492064,0.04271927013783211,0.019035686511708286,0.06317942401695009,"[19, 16, 15, 15, 14, 16, 13]",0.004555555555555555,0.00625,0.000737551002630653,0.0035000000000000005,0.0005591762357951763,0.003916666666666667,0.0004757285610699276,35.0,23.5,-58.5
50,27,2,0.4074074074074074,0.9814814814814815,0.046930358840626345,0.01008200550163492,0.01897863772646351,"[56, 52]",0.003361111111111111,0.0035833333333333333,0.0005389065112987853,0.0035000000000000005,0.00051956041029222,0.003,0.0004891995904702285,26.0,46.5,-72.5
50,28,2,0.3888888888888889,0.9814814814814815,0.04081724767308797,0.0017516997975813567,0.011924078047274973,"[52, 56]",0.004666666666666666,0.00525,0.0006302839318575674,0.005,0.0006645264792282107,0.00375,0.0006448072217929583,40.0,20.0,-60.0
50,29,7,0.4444444444444444,0.9140211640211641,0.030329110788788114,-0.0048461790073510425,0.033071729484278466,"[11, 16, 17, 12, 14, 21, 17]",0.004916666666666666,0.00775,0.0007678317049103449,0.004833333333333334,0.0006079951641733013,0.0021666666666666666,0.0004706484585228889,50.0,14.0,-64.0
50,30,2,0.4722222222222222,0.9074074074074074,0.06756574724322141,0.0707706911591154,0.07752189055901593,"[64, 44]",0.004777777777777778,0.006166666666666667,0.0007015448967566097,0.004416666666666667,0.0005647213971599237,0.0037500000000000007,0.0004948092383294621,11.0,17.0,-28.0
50,31,5,0.4722222222222222,0.924074074074074,0.04351721016196382,0.02871328734094071,0.06803086101319888,"[29, 16, 22, 19, 22]",0.0032500000000000003,0.0032500000000000003,0.0005532537786493135,0.0018333333333333333,0.00031464718178119604,0.004666666666666667,0.0005175000172041233,33.0,49.0,-82.0
50,32,2,0.4166666666666667,0.8703703703703703,0.04452002249947453,0.018809294302673633,0.02918663933461919,"[40, 68]",0.0035277777777777777,0.005416666666666667,0.0006823737268783898,0.0025833333333333337,0.0003865159594306383,0.0025833333333333333,0.00043832593994609713,28.0,44.0,-72.0
50,33,2,0.4537037037037037,0.9259259259259259,0.06114743165561309,0.04610746814732747,0.05114763502860693,"[62, 46]",0.0038333333333333336,0.00575,0.0006958106219744146,0.0028333333333333335,0.0003688358524328758,0.002916666666666667,0.0004948092383294619,13.0,37.0,-50.0
50,34,2,0.37962962962962965,0.9814814814814815,0.03797059614076363,-0.0010250687704364977,0.009651057231036559,"[52, 56]",0.0030833333333333338,0.0034166666666666672,0.00046970166927493256,0.0019166666666666668,0.0003752966537921413,0.003916666666666667,0.0005709927876363795,43.5,50.0,-93.5
50,35,2,0.37962962962962965,0.9814814814814815,0.03797059614076363,-0.003801837338454352,0.007304907743419642,"[56, 52]",0.0036944444444444446,0.0030833333333333333,0.0005389065112987853,0.0034166666666666672,0.0005906139063083313,0.004583333333333333,0.0005930209011272614,43.5,39.5,-83.0
50,36,3,0.42592592592592593,0.9537037037037037,0.04254564092596287,0.0030629779033256757,0.018529638190660197,"[41, 32, 35]",0.0033888888888888896,0.0041666666666666675,0.000569275042553311,0.002916666666666667,0.00041666666666666664,0.0030833333333333333,0.00042007155814231687,37.0,45.0,-82.0
50,37,3,0.4537037037037037,0.9074074074074074,0.0489281355017335,0.01578098434979729,0.0314247565032026,"[34, 28, 46]",0.004888888888888889,0.0068333333333333345,0.0005056659032384976,0.0034166666666666672,0.0004217636961434867,0.004416666666666667,0.0005519648921491676,25.0,15.0,-40.0
50,38,8,0.5092592592592593,0.912037037037037,0.042587709553744996,0.02786870897155361,0.09546459621747282,"[18, 14, 9, 9, 13, 15, 16, 14]",0.004694444444444445,0.0069166666666666664,0.0006686668711812965,0.0037500000000000007,0.00046513025470953175,0.0034166666666666672,0.0004217636961434867,36.0,18.5,-54.5
50,39,2,0.4444444444444444,0.9259259259259259,0.057479594060787266,0.0447290107313554,0.051133383338316275,"[46, 62]",0.003638888888888889,0.0035000000000000005,0.0005330928945203024,0.005,0.0005063696835418333,0.002416666666666667,0.0005061938301996516,16.0,41.0,-57.0
50,40,2,0.4444444444444444,0.9444444444444444,0.05862918594200301,0.041530944625407164,0.04595465989540252,"[48, 60]",0.004138888888888889,0.004833333333333334,0.0006421784505829842,0.004333333333333333,0.0006877023141843227,0.0032500000000000003,0.0006697312043199763,15.0,31.0,-46.0
50,41,3,0.42592592592592593,0.9722222222222222,0.04337176987598157,0.012165083933205834,0.029904921564248003,"[37, 38, 33]",0.00486111111111111,0.006833333333333333,0.0007912448268825371,0.004083333333333333,0.0005268773245260372,0.0036666666666666666,0.0005699002761767403,34.0,16.0,-50.0
50,42,3,0.4351851851851852,0.9722222222222222,0.04626230031883408,0.017663966169760553,0.03654325780543641,"[37, 33, 38]",0.00413888888888889,0.0041666666666666675,0.0006056476837313231,0.00425,0.0005467789649092551,0.004,0.0005991446895152781,27.0,29.0,-56.0
50,43,2,0.4351851851851852,0.8611111111111112,0.05018414190521014,0.030589447272704292,0.03968842219945765,"[39, 69]",0.0035555555555555557,0.004083333333333333,0.0005659812345252781,0.0038333333333333336,0.0004855460696524952,0.00275,0.00042846542577274665,24.0,43.0,-67.0
50,44,3,0.4351851851851852,0.9351851851851852,0.0444999269733547,0.008350120096954985,0.02488943779657911,"[43, 33, 32]",0.0037500000000000007,0.004666666666666667,0.000557262335477027,0.003333333333333333,0.0005063696835418333,0.0032500000000000003,0.0005532537786493135,29.0,38.0,-67.0
50,45,8,0.5370370370370371,0.9398148148148148,0.051464766595839456,0.042869990567900154,0.10265521816985397,"[13, 11, 18, 10, 14, 14, 14, 14]",0.004277777777777779,0.004583333333333333,0.000568492533533872,0.003916666666666667,0.0004904718932443306,0.004333333333333333,0.0007660904560785148,22.0,26.5,-48.5
50,46,3,0.4722222222222222,0.9166666666666666,0.055730132240610256,0.037549471756124685,0.04994638520012963,"[45, 36, 27]",0.003277777777777778,0.002416666666666667,0.0004772233913401199,0.002666666666666667,0.00039942979301018543,0.00475,0.0005454747794744822,21.0,48.0,-69.0
50,47,2,0.3888888888888889,0.9537037037037037,0.039662042550264724,0.0018378962559335251,0.011994517659776393,"[49, 59]",0.004138888888888889,0.00425,0.0005335936864527374,0.003166666666666667,0.0004457779141208644,0.005,0.0006085806194501846,41.0,31.0,-72.0
50,48,2,0.37962962962962965,0.9351851851851852,0.036179530285067235,-0.0035878259130081276,0.00747706016350376,"[61, 47]",0.0035833333333333333,0.004,0.0004949891362588122,0.0041666666666666675,0.0005816520337100941,0.0025833333333333333,0.00043832593994609724,47.0,42.0,-89.0
50,49,6,0.4722222222222222,0.8796296296296297,0.03781494616421276,0.006716271045921038,0.038659090635283604,"[24, 14, 16, 24, 19, 11]",0.003361111111111111,0.0036666666666666666,0.0005310850045437943,0.0034166666666666672,0.000540226553720501,0.003,0.0004891995904702285,45.0,46.5,-91.5
75,0,6,0.6203703703703703,0.8888888888888888,0.08664130678531305,0.1403748584846325,0.2244419010156545,"[16, 15, 23, 19, 24, 11]",0.006333333333333332,0.00925,0.0008480537463481642,0.00525,0.0006633195892576047,0.0045000000000000005,0.0005277215444626347,10.0,6.5,-16.5
75,1,2,0.4537037037037037,0.962962962962963,0.06359332892183762,0.04893818266626932,0.052169470854975884,"[50, 58]",0.003916666666666667,0.005,0.000642732769590452,0.0025833333333333333,0.0004217636961434868,0.0041666666666666675,0.0006172958213483475,15.0,54.5,-69.5
75,2,4,0.4351851851851852,0.8703703703703703,0.0358671120712365,0.011076908905282066,0.039073062513209106,"[25, 27, 41, 15]",0.005527777777777778,0.006750000000000001,0.0007209472638584303,0.004833333333333334,0.0005840959605818988,0.005,0.0005967623950328606,72.0,15.0,-87.0
75,3,2,0.4166666666666667,0.8611111111111112,0.044046405238841825,0.017064361081880492,0.027617558166660956,"[39, 69]",0.003861111111111111,0.005083333333333334,0.000584553059355846,0.003,0.0004891995904702285,0.0035000000000000005,0.00051956041029222,49.0,59.0,-108.0
75,4,4,0.46296296296296297,0.8888888888888888,0.0441017911677872,0.017425825648515737,0.04022993199042114,"[33, 25, 33, 17]",0.00436111111111111,0.006166666666666667,0.0006809370115327948,0.003916666666666667,0.0005322571942188482,0.003,0.0004591581544807963,48.0,39.0,-87.0
75,5,3,0.4537037037037037,0.8981481481481481,0.048428868812940305,0.03806523498604492,0.049247321103462215,"[47, 31, 30]",0.004333333333333333,0.005083333333333334,0.000664392488606982,0.0032500000000000003,0.0004846283858428769,0.004666666666666667,0.0005822639771026016,37.0,40.5,-77.5
75,6,3,0.8611111111111112,0.8981481481481481,0.3311043836477167,0.6123539885910738,0.610788331104491,"[28, 47, 33]",0.007638888888888888,0.008416666666666666,0.0006084343084444759,0.006,0.0006666666666666666,0.0085,0.0006079951641733012,2.0,1.0,-3.0
75,7,3,0.9259259259259259,0.9537037037037037,0.43710077387567675,0.7894788907330264,0.7483319875069093,"[31, 40, 37]",0.007611111111111109,0.009833333333333335,0.0008001958449738353,0.00425,0.0005467789649092551,0.00875,0.0005159493228057419,1.0,2.0,-3.0
75,8,2,0.5648148148148148,0.9814814814814815,0.12505047638059036,0.2238931852390097,0.21658999969259116,"[56, 52]",0.005972222222222222,0.008,0.00047441672090180924,0.0034166666666666664,0.0005131809630673188,0.006500000000000001,0.0004457779141208644,4.0,10.0,-14.0
75,9,2,0.5370370370370371,0.9259259259259259,0.10140840708539794,0.1563840614250931,0.15456948111426608,"[62, 46]",0.007222222222222223,0.008,0.000557262335477027,0.00525,0.0005583795745617396,0.008416666666666666,0.000596613185780614,6.0,3.0,-9.0
75,10,3,0.6944444444444444,0.9537037037037037,0.1844018889788011,0.35963835331283467,0.3965350373524543,"[31, 38, 39]",0.005861111111111111,0.009166666666666667,0.0006933752452815364,0.003916666666666667,0.00046051346296568745,0.0045000000000000005,0.000680937011532795,3.0,11.0,-14.0
75,11,2,0.5555555555555556,1.0,0.12124601872197319,0.1915722241694902,0.18489645074591832,"[54, 54]",0.006333333333333333,0.009166666666666667,0.0007803680919760617,0.004666666666666667,0.0005310850045437943,0.005166666666666667,0.0006079951641733013,5.0,5.0,-10.0
75,12,6,0.5462962962962963,0.8888888888888888,0.059163876361988714,0.048553788336353265,0.09804974245840892,"[22, 19, 25, 12, 15, 15]",0.006333333333333332,0.007083333333333333,0.0006665331062793369,0.006083333333333334,0.0005187029077928006,0.005833333333333334,0.0004884710724331468,20.0,6.5,-26.5
75,13,2,0.5370370370370371,0.8611111111111112,0.09430981858942009,0.18883295570534273,0.19181595531000203,"[69, 39]",0.006388888888888888,0.008333333333333335,0.0005723943812052382,0.005083333333333334,0.0005335936864527374,0.00575,0.000584553059355846,8.0,4.0,-12.0
75,14,2,0.5092592592592593,0.9537037037037037,0.08906668190935502,0.11539917618241767,0.1146338785373574,"[59, 49]",0.006055555555555555,0.007583333333333333,0.0005845530593558458,0.003166666666666667,0.00051956041029222,0.007416666666666667,0.0006142595663193327,9.0,8.0,-17.0
75,15,2,0.5,0.8888888888888888,0.07856742013183861,0.1151946709544045,0.1153840199633718,"[66, 42]",0.005722222222222223,0.005666666666666667,0.0005495400822454191,0.0041666666666666675,0.0006172958213483475,0.007333333333333333,0.0007279522854655584,11.0,13.0,-24.0
75,16,6,0.48148148148148145,0.9166666666666666,0.04177097171687995,0.01767953011662936,0.05273341864376316,"[14, 16, 19, 15, 25, 19]",0.005083333333333333,0.006583333333333334,0.0006370281338409186,0.00425,0.0005061938301996517,0.004416666666666667,0.0004976798018658034,59.0,19.5,-78.5
75,17,3,0.46296296296296297,0.9444444444444444,0.054107134630241534,0.02868569045066537,0.043898052712195774,"[35, 42, 31]",0.004055555555555556,0.004833333333333334,0.0005330928945203023,0.00375,0.0004801990921390502,0.0035833333333333333,0.0005894067228156503,30.0,48.0,-78.0
75,18,2,0.4444444444444444,0.9722222222222222,0.06035357376382662,0.03738608622919888,0.042323866002913824,"[51, 57]",0.005166666666666667,0.006416666666666668,0.0005894067228156503,0.0030833333333333333,0.0004976798018658033,0.006,0.0004653216269680752,18.0,17.5,-35.5
75,19,4,0.5370370370370371,0.8981481481481481,0.0695553751498285,0.0923625520186547,0.10097398884155145,"[29, 22, 36, 21]",0.005416666666666666,0.006666666666666666,0.0007060987881136029,0.003916666666666667,0.0005833333333333333,0.005666666666666667,0.0005623515948579823,13.0,16.0,-29.0
75,20,2,0.4351851851851852,0.962962962962963,0.05611990062518123,0.0433926327109706,0.04716929522108822,"[58, 50]",0.005083333333333333,0.005916666666666667,0.0005659812345252781,0.0025,0.000569275042553311,0.0068333333333333345,0.0005717718748968655,27.0,19.5,-46.5
75,21,2,0.5185185185185185,0.9814814814814815,0.09675199448435663,0.1378133596304562,0.13183757845900893,"[52, 56]",0.005555555555555555,0.0085,0.0007821913843960196,0.002,0.0003540566696958629,0.006166666666666667,0.000648799021993846,7.0,14.0,-21.0
75,22,7,0.49074074074074076,0.91005291005291,0.040651255677494454,0.019420899399225058,0.06398008647168447,"[11, 16, 13, 14, 18, 14, 22]",0.004944444444444444,0.007250000000000001,0.0006633195892576048,0.0034166666666666672,0.0005532537786493134,0.0041666666666666675,0.0005168113941217019,62.0,25.5,-87.5
75,23,2,0.46296296296296297,0.8611111111111112,0.06042030896960469,0.058992128273434266,0.06651547431760295,"[69, 39]",0.004666666666666666,0.0069166666666666664,0.0007678317049103451,0.0036666666666666666,0.0004891995904702285,0.0034166666666666672,0.0005131809630673188,17.0,32.0,-49.0
75,24,3,0.4351851851851852,0.8333333333333334,0.03965340027328636,0.013810944148372232,0.039625608324825874,"[52, 38, 18]",0.0050555555555555545,0.0075,0.0008585915718078573,0.0032500000000000003,0.00045428476077747075,0.004416666666666667,0.0006013695196343918,65.0,23.0,-88.0
75,25,8,0.5462962962962963,0.8657407407407407,0.049903112105535434,0.045904887714663146,0.10213506514367209,"[8, 14, 20, 13, 9, 12, 11, 21]",0.005055555555555555,0.007250000000000001,0.0006302839318575675,0.0045000000000000005,0.0005410499447694665,0.0034166666666666672,0.0005784287095915728,36.0,21.5,-57.5
75,26,8,0.5277777777777778,0.8657407407407407,0.04499830576719346,0.029159743547362834,0.08979256985300767,"[7, 15, 9, 21, 16, 16, 14, 10]",0.004861111111111111,0.007333333333333333,0.0006877023141843225,0.00275,0.00044477818665896287,0.0045000000000000005,0.0006703955544528912,44.0,28.0,-72.0
75,27,4,0.49074074074074076,0.962962962962963,0.05690310048528436,0.054205886512563445,0.07749157462458368,"[26, 24, 30, 28]",0.00425,0.006666666666666666,0.0007259927871993819,0.0025,0.0003322632396141053,0.0035833333333333333,0.0005117911677922935,23.0,42.5,-65.5
75,28,3,0.4722222222222222,0.9166666666666666,0.055730132240610256,0.05600964954795075,0.06500415799373892,"[32, 45, 31]",0.0041111111111111105,0.005583333333333334,0.0006130989425780421,0.0023333333333333335,0.0003417734875749095,0.004416666666666667,0.0006359090673047066,28.5,46.0,-74.5
75,29,7,0.5,0.8915343915343915,0.04212104080823729,0.028016741292035855,0.07905874479924514,"[19, 13, 13, 19, 14, 20, 10]",0.004361111111111111,0.0045000000000000005,0.0006703955544528912,0.00525,0.0005954181656808869,0.003333333333333333,0.0005723943812052382,57.0,38.0,-95.0
75,30,5,0.49074074074074076,0.9611111111111111,0.05079780401791915,0.023406253973853583,0.052302354905115866,"[24, 21, 23, 18, 22]",0.005166666666666667,0.0069166666666666664,0.0006792351572617534,0.0036666666666666666,0.00045915815448079636,0.004916666666666667,0.0006535842445105027,33.0,17.5,-50.5
75,31,5,0.4537037037037037,0.9462962962962963,0.03952383811148897,0.00678063261336882,0.035341622843862386,"[22, 27, 20, 21, 18]",0.004333333333333333,0.005833333333333334,0.0006172958213483475,0.003166666666666667,0.0004295031251026405,0.004,0.000622466374565235,66.0,40.5,-106.5
75,32,3,0.42592592592592593,0.8240740740740741,0.03676273827583199,0.01632930049093936,0.04851362778003502,"[55, 31, 22]",0.004055555555555556,0.0041666666666666675,0.0005168113941217019,0.0038333333333333336,0.0005410499447694665,0.0041666666666666675,0.0005692750425533111,70.0,48.0,-118.0
75,33,7,0.5277777777777778,0.91005291005291,0.0505674348131829,0.04212646547420249,0.09450915382010765,"[12, 13, 19, 16, 14, 21, 13]",0.0037222222222222223,0.004916666666666667,0.0006643924886069822,0.00275,0.0005322571942188482,0.0035000000000000005,0.00046147910349544853,34.0,62.0,-96.0
75,34,5,0.4444444444444444,0.9425925925925926,0.037007646413165236,0.008257868095084154,0.04591926725584234,"[23, 16, 26, 22, 21]",0.005777777777777778,0.0045000000000000005,0.000566767210788584,0.006,0.0005748776656683841,0.0068333333333333345,0.00061959917196776,69.0,12.0,-81.0
75,35,4,0.5,0.9074074074074074,0.056712962962962965,0.07603631841377885,0.107748526996768,"[35, 24, 20, 29]",0.004583333333333333,0.004666666666666667,0.0006730463973541891,0.0030833333333333333,0.0004366979828269512,0.006,0.0007660904560785147,25.0,33.0,-58.0
75,36,6,0.5277777777777778,0.9351851851851852,0.05612744767324899,0.041403047021308904,0.07679784535079706,"[13, 16, 18, 21, 19, 21]",0.0035555555555555553,0.0036666666666666666,0.0005572623354770269,0.0035000000000000005,0.0004913786640188924,0.0035000000000000005,0.00051956041029222,26.0,67.0,-93.0
75,37,4,0.5185185185185185,0.8148148148148149,0.05679652115662886,0.05710772593756404,0.08155737545313961,"[41, 23, 33, 11]",0.0038888888888888888,0.004083333333333333,0.0005131809630673188,0.004,0.0005991446895152781,0.0035833333333333333,0.0005255237517707585,24.0,57.5,-81.5
75,38,3,0.49074074074074076,0.8703703703703703,0.059388152230632804,0.06117362301718797,0.07949264259493019,"[22, 42, 44]",0.004555555555555555,0.0036666666666666666,0.000557262335477027,0.006,0.0004653216269680751,0.004,0.0006109168300344762,19.0,34.0,-53.0
75,39,3,0.37962962962962965,0.9814814814814815,0.03100286192472102,-0.013523291132731726,0.004873574493128764,"[37, 34, 37]",0.004388888888888888,0.006333333333333334,0.0006062354060275328,0.0021666666666666666,0.0004056228722963173,0.004666666666666667,0.0006178724639975321,74.0,37.0,-111.0
75,40,6,0.5,0.8703703703703703,0.04441590197176288,0.0342042755344418,0.07183256248160803,"[21, 19, 28, 16, 9, 15]",0.006,0.0085,0.0007055942515803598,0.002666666666666667,0.00048038446141526135,0.0068333333333333345,0.0006954266558151432,47.0,9.0,-56.0
75,41,4,0.4444444444444444,0.9537037037037037,0.04186353706243966,0.013041380095024736,0.03454222540359685,"[24, 25, 32, 27]",0.004833333333333333,0.005666666666666667,0.0006877023141843228,0.003333333333333333,0.0004134491152973616,0.0055,0.0006264584123867621,58.0,29.0,-87.0
75,42,7,0.49074074074074076,0.9563492063492064,0.04271927013783211,0.019035686511708286,0.06317942401695009,"[19, 16, 15, 15, 14, 16, 13]",0.0047777777777777775,0.006,0.0007472647177570732,0.004666666666666667,0.000557262335477027,0.0036666666666666666,0.0005175000172041232,54.0,30.0,-84.0
75,43,7,0.5185185185185185,0.9087301587301587,0.047882711551835905,0.02402812881484156,0.0723107245885613,"[17, 8, 17, 16, 18, 19, 13]",0.003416666666666667,0.004416666666666667,0.00046818282400698627,0.0038333333333333336,0.00043934034986550346,0.002,0.00037363235887853663,38.0,69.5,-107.5
75,44,2,0.4074074074074074,0.9814814814814815,0.046930358840626345,0.01008200550163492,0.01897863772646351,"[56, 52]",0.004,0.0055,0.0006487990219938459,0.0037500000000000007,0.0006336650053706131,0.00275,0.00046051346296568745,40.0,51.0,-91.0
75,45,2,0.3888888888888889,0.9814814814814815,0.04081724767308797,0.0017516997975813567,0.011924078047274973,"[52, 56]",0.003916666666666666,0.00425,0.0004772233913401199,0.00425,0.0004919219241781967,0.0032500000000000003,0.0004846283858428769,61.0,56.0,-117.0
75,46,7,0.4444444444444444,0.9140211640211641,0.030329110788788114,-0.0048461790073510425,0.033071729484278466,"[11, 16, 17, 12, 14, 21, 17]",0.003777777777777778,0.005083333333333334,0.0007452365348515147,0.003916666666666667,0.00044477818665896303,0.0023333333333333335,0.0003994297930101854,75.0,60.0,-135.0
75,47,6,0.4722222222222222,0.9537037037037037,0.040999362683304355,0.009464375499097927,0.04245575143639432,"[16, 22, 18, 16, 17, 19]",0.004472222222222222,0.0068333333333333345,0.0006531754562429428,0.0015833333333333335,0.000337315951715971,0.005,0.0006085806194501846,60.0,35.0,-95.0
75,48,2,0.4722222222222222,0.9074074074074074,0.06756574724322141,0.0707706911591154,0.07752189055901593,"[64, 44]",0.004138888888888888,0.006,0.0005495400822454191,0.0037500000000000007,0.0006665331062793369,0.002666666666666667,0.00036201399289824567,14.0,45.0,-59.0
75,49,5,0.4722222222222222,0.924074074074074,0.04351721016196382,0.02871328734094071,0.06803086101319888,"[29, 16, 22, 19, 22]",0.0028611111111111116,0.00275,0.0005709927876363794,0.0021666666666666666,0.00038766596482655045,0.0036666666666666666,0.0005443310539518173,50.0,75.0,-125.0
75,50,3,0.4444444444444444,0.9351851851851852,0.04740121094398391,0.025579162910213782,0.04034340495700749,"[29, 43, 36]",0.0036111111111111114,0.003916666666666667,0.0005583795745617395,0.0036666666666666666,0.0005175000172041232,0.0032500000000000003,0.0004991088925371763,39.0,64.5,-103.5
75,51,2,0.4166666666666667,0.9166666666666666,0.046888108802638065,0.02499349127831294,0.03200882315080454,"[45, 63]",0.004194444444444444,0.006666666666666666,0.00074535599249993,0.0020833333333333337,0.00042512776695202844,0.0038333333333333336,0.000648799021993846,41.0,44.0,-85.0
75,52,3,0.4351851851851852,0.9722222222222222,0.04626230031883408,0.02237729380109317,0.040692223757887995,"[39, 34, 35]",0.00425,0.005166666666666667,0.0006531754562429428,0.0036666666666666666,0.0005175000172041232,0.003916666666666667,0.000444778186658963,42.5,42.5,-85.0
75,53,2,0.4166666666666667,0.8703703703703703,0.04452002249947453,0.018809294302673633,0.02918663933461919,"[40, 68]",0.004027777777777778,0.0038333333333333336,0.0005540578101426393,0.0038333333333333336,0.0006149838438569979,0.004416666666666667,0.0006579288490181673,45.0,50.0,-95.0
75,54,2,0.4537037037037037,0.9259259259259259,0.06114743165561309,0.04610746814732747,0.05114763502860693,"[62, 46]",0.0035555555555555553,0.004583333333333333,0.0006611685674953662,0.002666666666666667,0.00044975460228796133,0.0034166666666666672,0.0005532537786493135,16.0,67.0,-83.0
75,55,4,0.4444444444444444,0.9259259259259259,0.04064421074023268,0.005878605238368843,0.027903364610758062,"[31, 28, 30, 19]",0.003,0.002916666666666667,0.0005493780477196366,0.0028333333333333335,0.0005,0.0032500000000000003,0.0005131809630673188,63.0,74.0,-137.0
75,56,2,0.37962962962962965,0.9814814814814815,0.03797059614076363,-0.003801837338454352,0.007304907743419642,"[56, 52]",0.004944444444444444,0.004583333333333333,0.0006049122278635169,0.003333333333333333,0.00046225016352102424,0.0069166666666666664,0.0006130989425780422,67.0,25.5,-92.5
75,57,3,0.42592592592592593,0.9537037037037037,0.04254564092596287,0.0030629779033256757,0.018529638190660197,"[41, 32, 35]",0.004055555555555556,0.004,0.0005623515948579822,0.0036666666666666666,0.0005699002761767401,0.0045000000000000005,0.000637726553230424,56.0,48.0,-104.0
75,58,3,0.4351851851851852,0.8981481481481481,0.0427375536278753,0.009370549804146087,0.025999408799763014,"[25, 45, 38]",0.005055555555555555,0.006333333333333334,0.000557262335477027,0.004,0.0005495400822454191,0.004833333333333334,0.0005717718748968656,53.0,21.5,-74.5
75,59,5,0.42592592592592593,0.9425925925925926,0.032571761712165914,-0.006687428290444189,0.02076319403571066,"[23, 19, 25, 23, 18]",0.005,0.0041666666666666675,0.0005566229063100617,0.006416666666666666,0.0006470126398497606,0.004416666666666667,0.0005647213971599238,73.0,24.0,-97.0
75,60,4,0.4537037037037037,0.9166666666666666,0.04280538594006673,0.016234918727887626,0.04735131275829583,"[25, 35, 20, 28]",0.004916666666666666,0.006666666666666666,0.000725992787199382,0.0028333333333333335,0.0005,0.00525,0.0006302839318575675,52.0,27.0,-79.0
75,61,2,0.4351851851851852,0.8888888888888888,0.05180298519247497,0.03873001288873575,0.04498058202893356,"[42, 66]",0.0033333333333333335,0.0038333333333333336,0.00043934034986550346,0.004583333333333333,0.0005019548679499876,0.0015833333333333335,0.0003578086996246255,31.0,71.0,-102.0
75,62,8,0.5092592592592593,0.912037037037037,0.042587709553744996,0.02786870897155361,0.09546459621747282,"[18, 14, 9, 9, 13, 15, 16, 14]",0.004444444444444445,0.006416666666666666,0.0007099967898486877,0.0035000000000000005,0.0005591762357951763,0.0034166666666666672,0.0005659812345252781,55.0,36.0,-91.0
75,63,2,0.4444444444444444,0.9259259259259259,0.057479594060787266,0.0447290107313554,0.051133383338316275,"[46, 62]",0.004750000000000001,0.003166666666666667,0.0005717718748968656,0.00625,0.0005869849078564814,0.004833333333333334,0.0005961653339578756,22.0,31.0,-53.0
75,64,2,0.4444444444444444,0.9444444444444444,0.05862918594200301,0.041530944625407164,0.04595465989540252,"[48, 60]",0.0032500000000000003,0.00525,0.000704963073127192,0.0028333333333333335,0.0005140476770154829,0.0016666666666666666,0.00037742567804819856,21.0,72.0,-93.0
75,65,3,0.42592592592592593,0.9722222222222222,0.04337176987598157,0.012165083933205834,0.029904921564248003,"[37, 38, 33]",0.0036666666666666666,0.004333333333333333,0.0006666666666666665,0.0032500000000000003,0.0006142595663193327,0.0034166666666666672,0.0005268773245260372,51.0,63.0,-114.0
75,66,3,0.4351851851851852,0.9722222222222222,0.04626230031883408,0.017663966169760553,0.03654325780543641,"[37, 33, 38]",0.003944444444444444,0.004583333333333333,0.0006049122278635169,0.0035833333333333333,0.0005255237517707585,0.0036666666666666666,0.0005035486605694166,42.5,53.0,-95.5
75,67,4,0.5462962962962963,0.8888888888888888,0.07246065414599173,0.07049409324660551,0.09146349518877529,"[25, 39, 18, 26]",0.003916666666666667,0.004083333333333333,0.0005532537786493135,0.003333333333333333,0.00047740991602628855,0.004333333333333333,0.0005364226763936138,12.0,54.5,-66.5
75,68,2,0.4351851851851852,0.8611111111111112,0.05018414190521014,0.030589447272704292,0.03968842219945765,"[39, 69]",0.0037500000000000003,0.004083333333333333,0.0004991088925371763,0.0023333333333333335,0.0004653216269680752,0.004833333333333334,0.0005717718748968656,35.0,61.0,-96.0
75,69,3,0.4351851851851852,0.9351851851851852,0.0444999269733547,0.008350120096954985,0.02488943779657911,"[43, 33, 32]",0.003416666666666667,0.0038333333333333336,0.00045526361293755647,0.0035833333333333333,0.0005519648921491675,0.0028333333333333335,0.0004228178434916492,46.0,69.5,-115.5
75,70,8,0.5370370370370371,0.9398148148148148,0.051464766595839456,0.042869990567900154,0.10265521816985397,"[13, 11, 18, 10, 14, 14, 14, 14]",0.0039722222222222225,0.004333333333333333,0.0005495400822454192,0.0025,0.00044257083711982863,0.005083333333333334,0.0006643924886069821,32.0,52.0,-84.0
75,71,3,0.4722222222222222,0.9166666666666666,0.055730132240610256,0.037549471756124685,0.04994638520012963,"[45, 36, 27]",0.0036111111111111114,0.0021666666666666666,0.00040562287229631733,0.0025,0.000426173593297299,0.006166666666666667,0.000626458412386762,28.5,64.5,-93.0
75,72,2,0.3888888888888889,0.9537037037037037,0.039662042550264724,0.0018378962559335251,0.011994517659776393,"[49, 59]",0.0038888888888888888,0.0037500000000000007,0.0004801990921390503,0.0036666666666666666,0.0004433747811741176,0.00425,0.0005596536881967729,64.0,57.5,-121.5
75,73,2,0.37962962962962965,0.9351851851851852,0.036179530285067235,-0.0035878259130081276,0.00747706016350376,"[61, 47]",0.0035555555555555553,0.0032500000000000003,0.00045428476077747075,0.00425,0.0006084343084444758,0.003166666666666667,0.00051956041029222,71.0,67.0,-138.0
75,74,6,0.4722222222222222,0.8796296296296297,0.03781494616421276,0.006716271045921038,0.038659090635283604,"[24, 14, 16, 24, 19, 11]",0.0030555555555555557,0.0035833333333333333,0.0006246081392643932,0.0035000000000000005,0.0005717718748968655,0.0020833333333333337,0.00040803015083275886,68.0,73.0,-141.0
100,0,2,0.46296296296296297,0.9722222222222222,0.06821647786890851,0.05958691162787682,0.061303494961395956,"[51, 57]",0.0036111111111111114,0.00375,0.000494809238329462,0.002666666666666667,0.00044975460228796133,0.004416666666666667,0.0005771960417875981,23.0,84.5,-107.5
100,1,3,0.4537037037037037,0.8981481481481481,0.048428868812940305,0.03806523498604492,0.049247321103462215,"[47, 31, 30]",0.00425,0.004416666666666667,0.0005389065112987853,0.003333333333333333,0.0005337605126836236,0.005,0.0004921028776234113,54.0,53.5,-107.5
100,2,4,0.46296296296296297,0.8888888888888888,0.0441017911677872,0.017425825648515737,0.04022993199042114,"[33, 25, 33, 17]",0.004305555555555555,0.006833333333333333,0.0007730319188612767,0.0032500000000000003,0.000565981234525278,0.0028333333333333335,0.00040562287229631733,67.0,51.5,-118.5
100,3,2,0.4722222222222222,1.0,0.07446021124763176,0.06655761965961755,0.0675305811134862,"[54, 54]",0.004722222222222222,0.005166666666666667,0.0005961653339578755,0.00275,0.0004904718932443306,0.00625,0.0006978548735241623,16.0,35.5,-51.5
100,4,6,0.6203703703703703,0.8888888888888888,0.08664130678531305,0.1403748584846325,0.2244419010156545,"[16, 15, 23, 19, 24, 11]",0.006888888888888888,0.010416666666666668,0.0008622132456136827,0.004833333333333334,0.0006079951641733012,0.005416666666666667,0.0006718548123582125,9.0,3.0,-12.0
100,5,2,0.4166666666666667,0.8611111111111112,0.044046405238841825,0.017064361081880492,0.027617558166660956,"[39, 69]",0.0039722222222222225,0.00625,0.0007933798377521115,0.002416666666666667,0.00037718971323735725,0.0032500000000000003,0.0004846283858428769,69.0,66.5,-135.5
100,6,2,0.4537037037037037,0.962962962962963,0.06359332892183762,0.04893818266626932,0.052169470854975884,"[50, 58]",0.0038333333333333336,0.004583333333333333,0.0006503067433133847,0.0028333333333333335,0.00040562287229631733,0.004083333333333333,0.0006025527367540542,25.0,75.5,-100.5
100,7,4,0.4351851851851852,0.8703703703703703,0.0358671120712365,0.011076908905282066,0.039073062513209106,"[25, 27, 41, 15]",0.005194444444444444,0.006166666666666667,0.0006032910690206792,0.004083333333333333,0.0005906139063083313,0.005333333333333334,0.0007529618628798984,96.0,24.0,-120.0
100,8,2,0.49074074074074076,0.9722222222222222,0.08124691660551595,0.09705080448814583,0.09634971517934027,"[57, 51]",0.007777777777777776,0.011,0.0006338054920158087,0.005833333333333334,0.0006725170646750924,0.006500000000000001,0.0006421784505829843,11.0,1.0,-12.0
100,9,3,0.9074074074074074,0.9351851851851852,0.4034074845449048,0.7360226313307968,0.700522896499978,"[29, 41, 38]",0.00636111111111111,0.008,0.0004891995904702285,0.0034166666666666672,0.0004542847607774707,0.007666666666666667,0.0006449452813645634,1.0,5.0,-6.0
100,10,2,0.5648148148148148,0.9907407407407407,0.1262301978558789,0.21840531410528913,0.21182060480587944,"[55, 53]",0.006361111111111111,0.00825,0.0005596536881967729,0.0032500000000000003,0.0005784287095915729,0.007583333333333333,0.0005722388181146617,3.0,4.0,-7.0
100,11,3,0.6944444444444444,0.9537037037037037,0.1844018889788011,0.35963835331283467,0.3965350373524543,"[31, 38, 39]",0.005638888888888888,0.00875,0.0006823737268783896,0.0036666666666666666,0.0004891995904702287,0.0045000000000000005,0.0005,2.0,16.0,-18.0
100,12,2,0.5555555555555556,0.9722222222222222,0.11787807375747393,0.2038922767192834,0.19558528467621866,"[57, 51]",0.007277777777777776,0.010916666666666668,0.0009244040199083906,0.0051666666666666675,0.0005462902602399647,0.00575,0.0007258701429232809,6.0,2.0,-8.0
100,13,2,0.48148148148148145,1.0,0.07892666759471852,0.09294959172281289,0.0911479101482939,"[54, 54]",0.004416666666666667,0.005916666666666667,0.0004542847607774707,0.0018333333333333333,0.00041258686385768536,0.0055,0.0006487990219938459,13.0,42.5,-55.5
100,14,5,0.5740740740740741,0.9462962962962963,0.08006559587786503,0.11462973815895706,0.15256615846611216,"[19, 26, 23, 20, 20]",0.006166666666666667,0.0085,0.0006531754562429428,0.003,0.0005035486605694166,0.007000000000000001,0.0006515377383555186,12.0,7.0,-19.0
100,15,2,0.5462962962962963,0.8703703703703703,0.10033994733519425,0.20880472832428593,0.20943503528410318,"[68, 40]",0.006027777777777777,0.008416666666666666,0.0005061938301996515,0.005583333333333334,0.0004831564663131095,0.004083333333333333,0.0005268773245260372,8.0,9.0,-17.0
100,16,2,0.5555555555555556,0.9814814814814815,0.11900072207897368,0.21695126381896507,0.20930874252203877,"[52, 56]",0.005611111111111111,0.005416666666666667,0.0004875588940976005,0.0045000000000000005,0.0006149838438569977,0.0069166666666666664,0.0004976798018658033,5.0,17.0,-22.0
100,17,2,0.4722222222222222,0.9166666666666666,0.06825519364366245,0.06626360804960128,0.07116117045749841,"[63, 45]",0.005722222222222222,0.005333333333333334,0.00047441672090180913,0.006083333333333334,0.0005322571942188483,0.00575,0.0005722388181146617,22.0,14.0,-36.0
100,18,7,0.5370370370370371,0.9325396825396826,0.05459225273340836,0.030757822032327187,0.07267757997743948,"[12, 15, 16, 12, 17, 16, 20]",0.005833333333333333,0.00575,0.0005335936864527374,0.0045000000000000005,0.0005,0.007250000000000001,0.0005454747794744822,41.0,11.5,-52.5
100,19,6,0.5370370370370371,0.9259259259259259,0.05854817112884567,0.07440381022905132,0.13065387801513542,"[11, 20, 18, 19, 17, 23]",0.004138888888888889,0.006583333333333334,0.0007307598589892382,0.003,0.000427008410146899,0.0028333333333333335,0.0004855460696524952,32.0,59.0,-91.0
100,20,2,0.5555555555555556,1.0,0.12124601872197319,0.1874050706858278,0.1805197448726414,"[54, 54]",0.00575,0.007000000000000001,0.000629294363562392,0.0030833333333333333,0.0004831564663131095,0.007166666666666667,0.0005791977947731548,4.0,13.0,-17.0
100,21,2,0.48148148148148145,0.9166666666666666,0.07234944529515863,0.08002031364003073,0.08518626984780273,"[63, 45]",0.006222222222222222,0.006666666666666666,0.0005337605126836237,0.004666666666666667,0.0007529618628798984,0.007333333333333333,0.0006666666666666665,18.0,6.0,-24.0
100,22,3,0.46296296296296297,0.9444444444444444,0.054107134630241534,0.02868569045066537,0.043898052712195774,"[35, 42, 31]",0.004888888888888889,0.005083333333333334,0.000620030097606013,0.004666666666666667,0.0005310850045437943,0.004916666666666667,0.0005966131857806139,42.0,30.0,-72.0
100,23,4,0.4444444444444444,0.9351851851851852,0.04105065284763501,0.010853605534868969,0.03201060544273235,"[30, 29, 20, 29]",0.005138888888888889,0.005083333333333334,0.0006854979266251704,0.005333333333333334,0.0006515377383555186,0.005,0.0004774099160262886,81.0,25.0,-106.0
100,24,3,0.5185185185185185,0.9351851851851852,0.07527136737864111,0.06700249496805491,0.07760510063686595,"[35, 43, 30]",0.005361111111111111,0.005666666666666667,0.0005748776656683841,0.004583333333333333,0.0005159493228057419,0.005833333333333334,0.0005566229063100617,15.0,22.0,-37.0
100,25,4,0.4444444444444444,0.9259259259259259,0.04064421074023268,0.015079560511720078,0.04034597312760689,"[34, 25, 28, 21]",0.005555555555555555,0.007166666666666667,0.0006913177474361756,0.0038333333333333336,0.0005,0.005666666666666667,0.000599144689515278,85.5,19.0,-104.5
100,26,4,0.5370370370370371,0.8981481481481481,0.0695553751498285,0.0923625520186547,0.10097398884155145,"[29, 22, 36, 21]",0.005722222222222221,0.0068333333333333345,0.0008178040222470286,0.005166666666666667,0.00042950312510264057,0.005166666666666667,0.0005591762357951763,20.0,15.0,-35.0
100,27,2,0.4722222222222222,0.9444444444444444,0.07032353284498555,0.06642624476500698,0.06926645010017883,"[60, 48]",0.00586111111111111,0.007083333333333333,0.000737551002630653,0.003333333333333333,0.0005337605126836237,0.007166666666666667,0.0006377265532304238,19.0,10.0,-29.0
100,28,3,0.4351851851851852,0.9259259259259259,0.04405933363698484,0.02167366857318057,0.03336814621369419,"[39, 28, 41]",0.005833333333333333,0.009583333333333334,0.000802307036736299,0.0015,0.0003365231986770945,0.006416666666666666,0.0005647213971599238,68.0,11.5,-79.5
100,29,2,0.4351851851851852,0.962962962962963,0.05611990062518123,0.0433926327109706,0.04716929522108822,"[58, 50]",0.005083333333333332,0.00625,0.000737551002630653,0.002666666666666667,0.0005091750772173156,0.006333333333333334,0.0005699002761767401,38.0,26.0,-64.0
100,30,7,0.49074074074074076,0.91005291005291,0.040651255677494454,0.019420899399225058,0.06398008647168447,"[11, 16, 13, 14, 18, 14, 22]",0.004666666666666667,0.006166666666666667,0.0005540578101426392,0.0025833333333333333,0.0004045239191192544,0.00525,0.0007346481996220893,84.0,37.5,-121.5
100,31,4,0.5648148148148148,0.9074074074074074,0.08175052739861996,0.10646399663945298,0.11493411151904662,"[37, 20, 24, 27]",0.004,0.006166666666666667,0.0006149838438569978,0.0020833333333333337,0.0003901840459880308,0.0037500000000000007,0.0005621932528599517,10.0,64.0,-74.0
100,32,2,0.4166666666666667,0.9907407407407407,0.05067704688769973,0.02118373188041316,0.028376352321202707,"[55, 53]",0.0039722222222222225,0.005666666666666667,0.0005991446895152781,0.0023333333333333335,0.00044975460228796144,0.003916666666666667,0.0005454747794744822,49.0,66.5,-115.5
100,33,2,0.46296296296296297,0.8611111111111112,0.06042030896960469,0.058992128273434266,0.06651547431760295,"[69, 39]",0.004805555555555555,0.00625,0.000717977334594521,0.0035000000000000005,0.00046147910349544853,0.004666666666666667,0.0006405126152203486,29.0,33.0,-62.0
100,34,3,0.5092592592592593,0.9074074074074074,0.06919241594999459,0.08785711948757284,0.09299365866230651,"[26, 39, 43]",0.004944444444444444,0.007000000000000001,0.000673046397354189,0.003,0.0004891995904702285,0.004833333333333334,0.000715617399249251,21.0,28.5,-49.5
100,35,3,0.5833333333333334,0.9166666666666666,0.10505124255654218,0.142399249074987,0.16226922755854795,"[37, 44, 27]",0.00486111111111111,0.007416666666666667,0.0006590105247982553,0.003166666666666667,0.0004614791034954486,0.004,0.0005091750772173155,7.0,31.0,-38.0
100,36,3,0.4351851851851852,0.8333333333333334,0.03965340027328636,0.013810944148372232,0.039625608324825874,"[52, 38, 18]",0.004333333333333333,0.0038333333333333336,0.0005277215444626347,0.003333333333333333,0.0005723943812052383,0.005833333333333334,0.0005566229063100618,88.0,47.0,-135.0
100,37,8,0.5462962962962963,0.8657407407407407,0.049903112105535434,0.045904887714663146,0.10213506514367209,"[8, 14, 20, 13, 9, 12, 11, 21]",0.0037222222222222223,0.005833333333333334,0.0005937710859953545,0.00275,0.000411506508864206,0.0025833333333333333,0.00043832593994609724,52.0,79.0,-131.0
100,38,8,0.5277777777777778,0.8657407407407407,0.04499830576719346,0.029159743547362834,0.08979256985300767,"[7, 15, 9, 21, 16, 16, 14, 10]",0.004555555555555555,0.006666666666666666,0.0007259927871993819,0.003,0.0005443310539518173,0.004,0.000633805492015809,63.0,40.0,-103.0
100,39,8,0.5277777777777778,0.8703703703703703,0.04523893841835492,0.023877296982041975,0.10118896290659873,"[8, 21, 16, 13, 8, 15, 11, 16]",0.0049722222222222225,0.006416666666666666,0.0006686668711812965,0.0036666666666666666,0.0005035486605694166,0.004833333333333334,0.0005840959605818989,62.0,27.0,-89.0
100,40,4,0.49074074074074076,0.962962962962963,0.05690310048528436,0.054205886512563445,0.07749157462458368,"[26, 24, 30, 28]",0.004666666666666667,0.008,0.0007898934256794546,0.0023333333333333335,0.0002971852760805762,0.0036666666666666666,0.0005699002761767403,34.0,37.5,-71.5
100,41,2,0.37962962962962965,0.9814814814814815,0.03797059614076363,-0.003801837338454352,0.007304907743419642,"[56, 52]",0.005388888888888888,0.006750000000000001,0.000680282956044689,0.003916666666666667,0.0006188802957865281,0.0055,0.0008143128471941316,90.0,21.0,-111.0
100,42,3,0.4722222222222222,0.9166666666666666,0.055730132240610256,0.05600964954795075,0.06500415799373892,"[32, 45, 31]",0.0037500000000000003,0.005166666666666667,0.0006639903545106592,0.003,0.0005035486605694166,0.0030833333333333333,0.0004200715581423169,39.5,77.0,-116.5
100,43,7,0.5,0.8915343915343915,0.04212104080823729,0.028016741292035855,0.07905874479924514,"[19, 13, 13, 19, 14, 20, 10]",0.003916666666666666,0.004666666666666667,0.0006292943635623921,0.0037500000000000007,0.0005362566783465032,0.003333333333333333,0.0005337605126836238,79.0,72.0,-151.0
100,44,5,0.49074074074074076,0.9611111111111111,0.05079780401791915,0.023406253973853583,0.052302354905115866,"[24, 21, 23, 18, 22]",0.0055833333333333325,0.005916666666666667,0.0007109992566943674,0.005666666666666667,0.0006224663745652349,0.005166666666666667,0.0006639903545106593,48.0,18.0,-66.0
100,45,5,0.4537037037037037,0.9462962962962963,0.03952383811148897,0.00678063261336882,0.035341622843862386,"[22, 27, 20, 21, 18]",0.004416666666666667,0.005416666666666667,0.0006823737268783896,0.004416666666666667,0.0006013695196343918,0.0034166666666666672,0.0004991088925371763,89.0,42.5,-131.5
100,46,3,0.42592592592592593,0.8240740740740741,0.03676273827583199,0.01632930049093936,0.04851362778003502,"[55, 31, 22]",0.004222222222222222,0.0034166666666666672,0.0004991088925371764,0.003,0.00040998922923799857,0.00625,0.0007752170911825529,94.0,55.0,-149.0
100,47,7,0.5277777777777778,0.91005291005291,0.0505674348131829,0.04212646547420249,0.09450915382010765,"[12, 13, 19, 16, 14, 21, 13]",0.004194444444444445,0.005083333333333334,0.0006425942346670646,0.0037500000000000007,0.0006107710786713059,0.0037500000000000007,0.0005869849078564814,50.0,56.5,-106.5
100,48,2,0.42592592592592593,0.9351851851851852,0.051095758329497594,0.024030690107989687,0.03168511610906624,"[61, 47]",0.003861111111111111,0.002916666666666667,0.0004948092383294621,0.004916666666666667,0.0006425942346670647,0.0037500000000000007,0.0005493780477196366,47.0,74.0,-121.0
100,49,5,0.4444444444444444,0.9425925925925926,0.037007646413165236,0.008257868095084154,0.04591926725584234,"[23, 16, 26, 22, 21]",0.004305555555555556,0.004083333333333333,0.0006257474163429115,0.00475,0.0004605134629656874,0.004083333333333333,0.0005784287095915729,93.0,49.5,-142.5
100,50,2,0.39814814814814814,0.9444444444444444,0.04214980004603257,0.005571066645985213,0.015369180205470127,"[60, 48]",0.00436111111111111,0.005666666666666667,0.0006338054920158089,0.0025,0.0004583818933094545,0.004916666666666667,0.000584553059355846,78.0,45.0,-123.0
100,51,4,0.5,0.9074074074074074,0.056712962962962965,0.07603631841377885,0.107748526996768,"[35, 24, 20, 29]",0.004722222222222222,0.00525,0.0005833333333333333,0.0037500000000000007,0.0006223233281713973,0.005166666666666667,0.0005330928945203023,36.0,35.5,-71.5
100,52,2,0.4537037037037037,0.9444444444444444,0.062370380288725345,0.05536166692518484,0.05988068859100448,"[60, 48]",0.005333333333333332,0.007166666666666667,0.0007966275068156916,0.003333333333333333,0.0005967623950328606,0.0055000000000000005,0.0006149838438569977,26.0,23.0,-49.0
100,53,5,0.4351851851851852,0.9185185185185185,0.033855187379534045,0.008084463080001141,0.036172473535642374,"[22, 21, 30, 16, 19]",0.0034722222222222225,0.0032500000000000003,0.0006025527367540542,0.003,0.0004744167209018092,0.0041666666666666675,0.0005304140187994953,97.0,86.5,-183.5
100,54,6,0.5277777777777778,0.9351851851851852,0.05612744767324899,0.041403047021308904,0.07679784535079706,"[13, 16, 18, 21, 19, 21]",0.0034722222222222225,0.002916666666666667,0.0004334237249576047,0.0025833333333333333,0.0004846283858428769,0.004916666666666667,0.0004919219241781967,37.0,86.5,-123.5
100,55,4,0.5185185185185185,0.8148148148148149,0.05679652115662886,0.05710772593756404,0.08155737545313961,"[41, 23, 33, 11]",0.0034166666666666664,0.004416666666666667,0.0004681828240069863,0.0034166666666666672,0.0004383259399460973,0.002416666666666667,0.0004132337211096261,35.0,89.0,-124.0
100,56,3,0.49074074074074076,0.8703703703703703,0.059388152230632804,0.06117362301718797,0.07949264259493019,"[22, 42, 44]",0.004083333333333333,0.004833333333333334,0.0005961653339578756,0.004916666666666667,0.0005200742331410084,0.0025,0.00040911968588533767,30.0,61.0,-91.0
100,57,3,0.37962962962962965,0.9814814814814815,0.03100286192472102,-0.013523291132731726,0.004873574493128764,"[37, 34, 37]",0.004305555555555556,0.007583333333333333,0.0008769565020870228,0.0015,0.00035706144778297963,0.0038333333333333336,0.0004393403498655034,99.0,49.5,-148.5
100,58,2,0.4444444444444444,0.9907407407407407,0.061503165645042365,0.044794766372123665,0.048441476133239215,"[55, 53]",0.004833333333333334,0.00525,0.0005833333333333334,0.0038333333333333336,0.0005410499447694666,0.005416666666666667,0.0006049122278635169,27.0,32.0,-59.0
100,59,6,0.5,0.8703703703703703,0.04441590197176288,0.0342042755344418,0.07183256248160803,"[21, 19, 28, 16, 9, 15]",0.006166666666666666,0.008,0.0006938886664887107,0.0041666666666666675,0.000502840931954632,0.006333333333333334,0.0006835469751498189,66.0,8.0,-74.0
100,60,4,0.4444444444444444,0.9537037037037037,0.04186353706243966,0.013041380095024736,0.03454222540359685,"[24, 25, 32, 27]",0.0045833333333333325,0.005583333333333334,0.0005255237517707583,0.003916666666666667,0.00044477818665896303,0.00425,0.0006314129680188206,80.0,39.0,-119.0
100,61,3,0.4074074074074074,0.962962962962963,0.03759548739291133,-0.0019284918167419487,0.015525991679640359,"[40, 32, 36]",0.003416666666666667,0.00375,0.00046513025470953175,0.0020833333333333337,0.00040803015083275886,0.004416666666666667,0.0004831564663131095,92.0,88.0,-180.0
100,62,7,0.49074074074074076,0.9563492063492064,0.04271927013783211,0.019035686511708286,0.06317942401695009,"[19, 16, 15, 15, 14, 16, 13]",0.0036666666666666666,0.004666666666666667,0.000557262335477027,0.0032500000000000003,0.0004542847607774707,0.0030833333333333333,0.0005647213971599237,75.0,83.0,-158.0
100,63,6,0.5185185185185185,0.9351851851851852,0.05322489430262101,0.048013014763833455,0.10982780832684672,"[12, 17, 22, 19, 18, 20]",0.0040277777777777786,0.004916666666666667,0.0006535842445105027,0.0045,0.0007116250813527138,0.002666666666666667,0.0004336290903919939,43.0,63.0,-106.0
100,64,8,0.5092592592592593,0.9166666666666666,0.04280389082051528,0.02598585934693663,0.08974391241732127,"[12, 17, 11, 12, 13, 12, 19, 12]",0.003916666666666666,0.0037500000000000007,0.0005090001931052645,0.003,0.0005310850045437943,0.005,0.000559812748506421,74.0,72.0,-146.0
100,65,7,0.5185185185185185,0.9087301587301587,0.047882711551835905,0.02402812881484156,0.0723107245885613,"[17, 8, 17, 16, 18, 19, 13]",0.0031111111111111114,0.003333333333333333,0.0003958473906635696,0.0035833333333333333,0.0006013695196343916,0.002416666666666667,0.0003771897132373573,55.0,95.0,-150.0
100,66,2,0.4074074074074074,0.9814814814814815,0.046930358840626345,0.01008200550163492,0.01897863772646351,"[56, 52]",0.003166666666666667,0.003,0.00045915815448079636,0.00275,0.00041150650886420594,0.0037500000000000007,0.0005090001931052645,58.0,93.0,-151.0
100,67,2,0.3888888888888889,0.9814814814814815,0.04081724767308797,0.0017516997975813567,0.011924078047274973,"[52, 56]",0.0029722222222222225,0.00375,0.0006223233281713973,0.002916666666666667,0.00044955660333392903,0.0022500000000000003,0.00045271419510563445,83.0,98.0,-181.0
100,68,7,0.4444444444444444,0.9140211640211641,0.030329110788788114,-0.0048461790073510425,0.033071729484278466,"[11, 16, 17, 12, 14, 21, 17]",0.004166666666666667,0.005333333333333334,0.0006062354060275328,0.00425,0.0005335936864527374,0.002916666666666667,0.00048019909213905024,100.0,58.0,-158.0
100,69,6,0.4722222222222222,0.9537037037037037,0.040999362683304355,0.009464375499097927,0.04245575143639432,"[16, 22, 18, 16, 17, 19]",0.004083333333333333,0.00575,0.0004301245430187895,0.00275,0.00046051346296568745,0.0037500000000000007,0.0005362566783465032,82.0,61.0,-143.0
100,70,2,0.4722222222222222,0.9074074074074074,0.06756574724322141,0.0707706911591154,0.07752189055901593,"[64, 44]",0.004333333333333333,0.006416666666666668,0.0005117911677922935,0.003333333333333333,0.0005202453946507077,0.0032500000000000003,0.00043832593994609724,24.0,47.0,-71.0
100,71,5,0.4722222222222222,0.924074074074074,0.04351721016196382,0.02871328734094071,0.06803086101319888,"[29, 16, 22, 19, 22]",0.0031388888888888894,0.003166666666666667,0.0005961653339578756,0.0020833333333333337,0.00042512776695202844,0.0041666666666666675,0.0005937710859953545,70.0,94.0,-164.0
100,72,3,0.4444444444444444,0.9351851851851852,0.04740121094398391,0.025579162910213782,0.04034340495700749,"[29, 43, 36]",0.004333333333333333,0.0036666666666666666,0.0005822639771026017,0.004833333333333334,0.0005961653339578756,0.0045000000000000005,0.00045526361293755647,57.0,47.0,-104.0
100,73,2,0.4166666666666667,0.9166666666666666,0.046888108802638065,0.02499349127831294,0.03200882315080454,"[45, 63]",0.0033888888888888888,0.005083333333333334,0.0004919219241781967,0.001,0.0002971852760805763,0.004083333333333333,0.0006025527367540542,59.0,90.0,-149.0
100,74,2,0.48148148148148145,0.9537037037037037,0.07527265520607414,0.08770130302961666,0.08608970698047698,"[49, 59]",0.004388888888888888,0.006416666666666666,0.0006013695196343918,0.00275,0.0005187029077928006,0.004,0.0005871365639519861,14.0,44.0,-58.0
100,75,4,0.49074074074074076,0.8703703703703703,0.05143164851554548,0.03626786240709997,0.05309099971690166,"[20, 34, 20, 34]",0.0030277777777777777,0.003166666666666667,0.0005056659032384978,0.003916666666666667,0.0004904718932443306,0.002,0.0004591581544807963,46.0,96.0,-142.0
100,76,3,0.4351851851851852,0.9722222222222222,0.04626230031883408,0.02237729380109317,0.040692223757887995,"[39, 34, 35]",0.004750000000000001,0.006333333333333334,0.0005310850045437942,0.002666666666666667,0.0005495400822454191,0.00525,0.0005709927876363795,60.5,34.0,-94.5
100,77,2,0.4166666666666667,0.8703703703703703,0.04452002249947453,0.018809294302673633,0.02918663933461919,"[40, 68]",0.0038333333333333336,0.00425,0.0004772233913401199,0.003,0.00042700841014689907,0.00425,0.0005335936864527374,64.0,75.5,-139.5
100,78,2,0.4537037037037037,0.9259259259259259,0.06114743165561309,0.04610746814732747,0.05114763502860693,"[62, 46]",0.0037222222222222227,0.005833333333333334,0.0006172958213483475,0.0025833333333333333,0.0004217636961434867,0.00275,0.0004757285610699276,28.0,78.0,-106.0
100,79,4,0.4444444444444444,0.9259259259259259,0.04064421074023268,0.005878605238368843,0.027903364610758062,"[31, 28, 30, 19]",0.0036111111111111114,0.0038333333333333336,0.000566767210788584,0.0028333333333333335,0.0004855460696524952,0.0041666666666666675,0.000426173593297299,85.5,84.5,-170.0
100,80,3,0.42592592592592593,0.9537037037037037,0.04254564092596287,0.0030629779033256757,0.018529638190660197,"[41, 32, 35]",0.0033333333333333335,0.00425,0.0005722388181146618,0.002916666666666667,0.0005989960736902173,0.0028333333333333335,0.0004552636129375566,77.0,91.0,-168.0
100,81,5,0.42592592592592593,0.9425925925925926,0.032571761712165914,-0.006687428290444189,0.02076319403571066,"[23, 19, 25, 23, 18]",0.0036944444444444446,0.003,0.00040998922923799846,0.004666666666666667,0.0005035486605694166,0.0034166666666666672,0.00040452391911925456,98.0,81.0,-179.0
100,82,3,0.4537037037037037,0.9074074074074074,0.0489281355017335,0.01578098434979729,0.0314247565032026,"[34, 28, 46]",0.004305555555555555,0.005083333333333334,0.0004919219241781966,0.0035833333333333333,0.00046818282400698643,0.00425,0.0005722388181146617,53.0,51.5,-104.5
100,83,4,0.4537037037037037,0.9166666666666666,0.04280538594006673,0.016234918727887626,0.04735131275829583,"[25, 35, 20, 28]",0.004944444444444444,0.006500000000000001,0.000860249086037579,0.0022500000000000003,0.0004027593570795094,0.006083333333333334,0.0007149950690165271,73.0,28.5,-101.5
100,84,2,0.4351851851851852,0.8888888888888888,0.05180298519247497,0.03873001288873575,0.04498058202893356,"[42, 66]",0.0036944444444444446,0.0028333333333333335,0.00043934034986550346,0.004083333333333333,0.00045428476077747086,0.0041666666666666675,0.0004583818933094545,44.0,81.0,-125.0
100,85,8,0.5092592592592593,0.912037037037037,0.042587709553744996,0.02786870897155361,0.09546459621747282,"[18, 14, 9, 9, 13, 15, 16, 14]",0.00425,0.005916666666666667,0.000540226553720501,0.0034166666666666672,0.0005268773245260372,0.0034166666666666672,0.000526877324526037,76.0,53.5,-129.5
100,86,2,0.4444444444444444,0.9259259259259259,0.057479594060787266,0.0447290107313554,0.051133383338316275,"[46, 62]",0.004194444444444445,0.003166666666666667,0.0005056659032384976,0.005,0.0006537204504606134,0.004416666666666667,0.0005519648921491675,33.0,56.5,-89.5
100,87,2,0.4444444444444444,0.9444444444444444,0.05862918594200301,0.041530944625407164,0.04595465989540252,"[48, 60]",0.003916666666666666,0.004916666666666667,0.000596613185780614,0.003,0.00040998922923799857,0.0038333333333333336,0.0005410499447694665,31.0,72.0,-103.0
100,88,3,0.42592592592592593,0.9722222222222222,0.04337176987598157,0.012165083933205834,0.029904921564248003,"[37, 38, 33]",0.005527777777777776,0.005166666666666667,0.0006531754562429429,0.00525,0.000753789098951428,0.006166666666666667,0.0006377265532304238,71.0,20.0,-91.0
100,89,3,0.4351851851851852,0.9722222222222222,0.04626230031883408,0.017663966169760553,0.03654325780543641,"[37, 33, 38]",0.0039722222222222225,0.005,0.0006201736729460423,0.0030833333333333333,0.0005255237517707585,0.0038333333333333336,0.000637726553230424,60.5,66.5,-127.0
100,90,4,0.4722222222222222,0.9074074074074074,0.047776198051618146,0.025983945132881305,0.05764018654853432,"[32, 18, 32, 26]",0.0032222222222222227,0.0036666666666666666,0.0005175000172041233,0.002,0.00040998922923799846,0.004,0.0005991446895152781,56.0,92.0,-148.0
100,91,4,0.5462962962962963,0.8888888888888888,0.07246065414599173,0.07049409324660551,0.09146349518877529,"[25, 39, 18, 26]",0.004472222222222222,0.005083333333333334,0.0005467789649092552,0.002916666666666667,0.0004801990921390503,0.005416666666666667,0.00048755889409760056,17.0,41.0,-58.0
100,92,2,0.4351851851851852,0.8611111111111112,0.05018414190521014,0.030589447272704292,0.03968842219945765,"[39, 69]",0.002861111111111111,0.0030833333333333333,0.0004976798018658033,0.002666666666666667,0.00048038446141526135,0.0028333333333333335,0.00040562287229631733,51.0,100.0,-151.0
100,93,3,0.4351851851851852,0.9351851851851852,0.0444999269733547,0.008350120096954985,0.02488943779657911,"[43, 33, 32]",0.002944444444444445,0.0038333333333333336,0.00045526361293755647,0.002,0.00033333333333333327,0.003,0.0006062354060275328,65.0,99.0,-164.0
100,94,8,0.5370370370370371,0.9398148148148148,0.051464766595839456,0.042869990567900154,0.10265521816985397,"[13, 11, 18, 10, 14, 14, 14, 14]",0.0039722222222222225,0.004333333333333333,0.000633805492015809,0.0032500000000000003,0.0005131809630673188,0.004333333333333333,0.0005364226763936138,45.0,66.5,-111.5
100,95,3,0.4722222222222222,0.9166666666666666,0.055730132240610256,0.037549471756124685,0.04994638520012963,"[45, 36, 27]",0.003944444444444445,0.0034166666666666672,0.00046970166927493256,0.0032500000000000003,0.0004217636961434867,0.005166666666666667,0.0006639903545106593,39.5,69.0,-108.5
100,96,2,0.3888888888888889,0.9537037037037037,0.039662042550264724,0.0018378962559335251,0.011994517659776393,"[49, 59]",0.003944444444444444,0.004,0.0007181013268818794,0.003,0.00044337478117411743,0.004833333333333334,0.0005330928945203023,87.0,70.0,-157.0
100,97,2,0.37962962962962965,0.9351851851851852,0.036179530285067235,-0.0035878259130081276,0.00747706016350376,"[61, 47]",0.004083333333333333,0.004833333333333334,0.000674631903431942,0.004666666666666667,0.0005822639771026015,0.00275,0.000393817968854384,95.0,61.0,-156.0
100,98,6,0.4722222222222222,0.8796296296296297,0.03781494616421276,0.006716271045921038,0.038659090635283604,"[24, 14, 16, 24, 19, 11]",0.0030000000000000005,0.003333333333333333,0.0005063696835418333,0.002916666666666667,0.0004166666666666666,0.00275,0.00046051346296568745,91.0,97.0,-188.0
100,99,7,0.5,0.91005291005291,0.04299595856983272,0.017866829692518318,0.05932629864071798,"[14, 17, 19, 20, 11, 13, 14]",0.0036944444444444446,0.003916666666666667,0.0005954181656808869,0.00425,0.000584553059355846,0.002916666666666667,0.000522806092950542,72.0,81.0,-153.0
