analysis_type,fit_scope,condition,K,top_m,selected_archetypes,mean,err,std,count,rank_mean,error_mean
spatial,within,intact,5,1,[0],0.007916666666666666,0.0005558225853982063,0.0035153306896435585,40,0.6989761111111111,0.36797583333333334
spatial,within,intact,5,2,"[0, 1]",0.02225,0.000855579142754,0.005411157619273974,40,0.7533666666666669,0.3446030555555555
spatial,within,intact,5,3,"[0, 1, 3]",0.029833333333333333,0.0012343031529994054,0.007806418573210826,40,0.7726366666666669,0.31431138888888877
spatial,within,intact,5,5,"[0, 1, 3, 2, 4]",0.03866666666666667,0.0013333333333333333,0.008432740427115679,40,0.7964700000000003,0.2856319444444443
spatial,within,intact,5,10,"[0, 1, 3, 2, 4]",0.03866666666666667,0.0013333333333333333,0.008432740427115679,40,0.7964700000000003,0.2856319444444443
spatial,within,intact,10,1,[1],0.008666666666666666,0.00047441672090180913,0.003000474796236256,40,0.6737183333333335,0.29143222222222215
spatial,within,intact,10,2,"[1, 2]",0.027250000000000003,0.001137846093368401,0.007196370563537517,40,0.7824736111111112,0.31897833333333325
spatial,within,intact,10,3,"[1, 2, 6]",0.032,0.0014607885315483325,0.009238837879090928,40,0.7883911111111113,0.30267972222222206
spatial,within,intact,10,5,"[1, 2, 6, 8, 4]",0.03308333333333333,0.00130955017178482,0.0082823225062096,40,0.7907280555555558,0.28793055555555547
spatial,within,intact,10,10,"[1, 2, 6, 8, 4, 0, 5, 7, 3, 9]",0.06225000000000001,0.0020056455220486893,0.012684816057182635,40,0.8615658333333339,0.2521699999999997
spatial,within,intact,25,1,[2],0.009833333333333335,0.0006309898162000304,0.003990729999126216,40,0.6962983333333334,0.3192883333333333
spatial,within,intact,25,2,"[2, 3]",0.023666666666666666,0.001162078891653811,0.007349632236860156,40,0.7793372222222225,0.32471333333333313
spatial,within,intact,25,3,"[2, 3, 14]",0.030500000000000006,0.0013689162223933296,0.008657786377433032,40,0.7799236111111114,0.31418472222222216
spatial,within,intact,25,5,"[2, 3, 14, 1, 7]",0.05616666666666668,0.001669015438997655,0.010555780474436812,40,0.8382219444444449,0.2966224999999998
spatial,within,intact,25,10,"[2, 3, 14, 1, 7, 4, 15, 9, 5, 8]",0.07433333333333333,0.002469760129995441,0.015620134570118273,40,0.8673444444444449,0.251982222222222
spatial,within,intact,50,1,[2],0.009333333333333334,0.0006109168300344762,0.0038637772876778144,40,0.6926302777777777,0.31603972222222215
spatial,within,intact,50,2,"[2, 3]",0.0225,0.001085714017950827,0.006866658368595103,40,0.7708722222222224,0.3121499999999998
spatial,within,intact,50,3,"[2, 3, 10]",0.02708333333333333,0.0008866491547656962,0.0056076616290454745,40,0.7861775000000003,0.2977747222222221
spatial,within,intact,50,5,"[2, 3, 10, 8, 7]",0.03783333333333333,0.001304987146676722,0.00825346340148535,40,0.7975955555555557,0.29767027777777766
spatial,within,intact,50,10,"[2, 3, 10, 8, 7, 1, 5, 13, 9, 18]",0.0665,0.001996970640217762,0.012629951287145549,40,0.8660991666666671,0.2646566666666665
spatial,within,intact,75,1,[32],0.009666666666666667,0.000771648621745413,0.004880334396090479,40,0.5937794444444446,0.33902805555555543
spatial,within,intact,75,2,"[32, 6]",0.011083333333333334,0.0007297845367541505,0.0046155626746279595,40,0.6464244444444445,0.3775691666666666
spatial,within,intact,75,3,"[32, 6, 1]",0.020666666666666667,0.0013407911089057824,0.008479907541290289,40,0.7507077777777779,0.3747697222222221
spatial,within,intact,75,5,"[32, 6, 1, 9, 42]",0.029333333333333333,0.0012241631829848088,0.007742287771906955,40,0.7842238888888892,0.3409291666666665
spatial,within,intact,75,10,"[32, 6, 1, 9, 42, 5, 11, 14, 8, 23]",0.05633333333333333,0.002024775320798606,0.012805803527643392,40,0.8358088888888892,0.29451777777777755
spatial,within,intact,100,1,[10],0.009666666666666667,0.0008337605742398084,0.0052731648756954115,40,0.6676441666666667,0.2974375
spatial,within,intact,100,2,"[10, 48]",0.015083333333333332,0.0010872709504342142,0.006876505274216314,40,0.7053333333333335,0.29612
spatial,within,intact,100,3,"[10, 48, 5]",0.029666666666666668,0.0014162266787834516,0.008957003976102737,40,0.7881652777777781,0.32489999999999986
spatial,within,intact,100,5,"[10, 48, 5, 0, 11]",0.042249999999999996,0.001516234558525572,0.009589509344001363,40,0.8211180555555557,0.31925777777777753
spatial,within,intact,100,10,"[10, 48, 5, 0, 11, 42, 22, 18, 12, 29]",0.05341666666666667,0.0017438843076971816,0.011029292776297996,40,0.8529097222222225,0.2885274999999998
spatial,within,rest,5,1,[2],0.006500000000000001,0.0005056659032384976,0.003198111978639933,40,0.52746,0.36869194444444436
spatial,within,rest,5,2,"[2, 1]",0.007666666666666666,0.0005991446895152781,0.0037893237337253676,40,0.5551586111111112,0.36500972222222217
spatial,within,rest,5,3,"[2, 1, 0]",0.006333333333333334,0.0007240279857964913,0.004579155049641907,40,0.5340902777777778,0.3412791666666667
spatial,within,rest,5,5,"[2, 1, 0, 4, 3]",0.00575,0.0006958106219744146,0.004400692771155113,40,0.5290244444444445,0.3471672222222222
spatial,within,rest,5,10,"[2, 1, 0, 4, 3]",0.00575,0.0006958106219744146,0.004400692771155113,40,0.5290244444444445,0.3471672222222222
spatial,within,rest,10,1,[2],0.0065833333333333325,0.0006025527367540542,0.0038108781170213277,40,0.5268327777777777,0.35952499999999993
spatial,within,rest,10,2,"[2, 4]",0.009083333333333334,0.0006854979266251702,0.004335469558917037,40,0.5401972222222222,0.35732527777777773
spatial,within,rest,10,3,"[2, 4, 5]",0.007666666666666667,0.0006877023141843227,0.004349411329982359,40,0.5204449999999999,0.35800305555555556
spatial,within,rest,10,5,"[2, 4, 5, 1, 0]",0.003916666666666667,0.0005833333333333334,0.0036893239368631097,40,0.5249222222222223,0.348171388888889
spatial,within,rest,10,10,"[2, 4, 5, 1, 0, 9, 6, 3, 8, 7]",0.006333333333333334,0.0006405126152203485,0.004050957468334666,40,0.5217836111111112,0.34645722222222214
spatial,within,rest,25,1,[10],0.006166666666666666,0.0005410499447694665,0.003421900306759639,40,0.5339536111111112,0.3536366666666667
spatial,within,rest,25,2,"[10, 1]",0.006833333333333333,0.0006421784505829843,0.00406149313624023,40,0.5485858333333333,0.3348775
spatial,within,rest,25,3,"[10, 1, 7]",0.004583333333333333,0.0005930209011272614,0.0037505934952953204,40,0.5436133333333334,0.3413938888888889
spatial,within,rest,25,5,"[10, 1, 7, 8, 16]",0.005416666666666667,0.0005930209011272614,0.003750593495295321,40,0.5409047222222222,0.33367888888888886
spatial,within,rest,25,10,"[10, 1, 7, 8, 16, 3, 4, 2, 5, 12]",0.008333333333333335,0.0006959385636178557,0.004401501945156832,40,0.5414527777777778,0.33749666666666667
spatial,within,rest,50,1,[5],0.007083333333333333,0.000717977334594521,0.0045408873713909835,40,0.5393600000000001,0.32492305555555556
spatial,within,rest,50,2,"[5, 20]",0.008083333333333335,0.0007724558461090408,0.004885439731234167,40,0.5433936111111112,0.33147638888888886
spatial,within,rest,50,3,"[5, 20, 3]",0.008333333333333335,0.0007259927871993819,0.0045915815448079635,40,0.5538213888888889,0.32547527777777774
spatial,within,rest,50,5,"[5, 20, 3, 15, 6]",0.009000000000000001,0.0005495400822454191,0.003475596650903565,40,0.5576661111111111,0.32952138888888893
spatial,within,rest,50,10,"[5, 20, 3, 15, 6, 8, 9, 27, 21, 24]",0.009166666666666667,0.00073331390805663,0.0046378843786765,40,0.5545380555555556,0.3297025
spatial,within,rest,75,1,[5],0.006833333333333333,0.0005591762357951763,0.003536541037104265,40,0.5450366666666667,0.32345888888888885
spatial,within,rest,75,2,"[5, 25]",0.007000000000000001,0.0008995092045759226,0.005688995725492537,40,0.5448575,0.32364333333333334
spatial,within,rest,75,3,"[5, 25, 18]",0.007083333333333333,0.0007752170911825527,0.0049029033784546,40,0.5595761111111113,0.31054861111111115
spatial,within,rest,75,5,"[5, 25, 18, 6, 64]",0.006166666666666666,0.0007313687749010652,0.004625582276428709,40,0.5505038888888889,0.32178388888888887
spatial,within,rest,75,10,"[5, 25, 18, 6, 64, 9, 32, 4, 34, 37]",0.010166666666666668,0.0007821913843960196,0.004947012681703421,40,0.537771388888889,0.32299222222222224
spatial,within,rest,100,1,[6],0.006500000000000001,0.0006079951641733013,0.003845299050311274,40,0.5371441666666668,0.32286111111111115
spatial,within,rest,100,2,"[6, 19]",0.007166666666666667,0.0007785405295328922,0.004923922648155051,40,0.5478561111111111,0.33562722222222224
spatial,within,rest,100,3,"[6, 19, 24]",0.007833333333333335,0.0006596856715021064,0.0041722185234485745,40,0.5631055555555555,0.32817833333333335
spatial,within,rest,100,5,"[6, 19, 24, 63, 45]",0.006333333333333332,0.0006405126152203485,0.004050957468334666,40,0.554095,0.3254058333333333
spatial,within,rest,100,10,"[6, 19, 24, 63, 45, 3, 76, 2, 52, 64]",0.011583333333333334,0.0008605595145384648,0.005442656256140666,40,0.5532549999999998,0.34805472222222217
spatial,within,word,5,1,[1],0.007833333333333335,0.0005540578101426393,0.003504169270911763,40,0.5284822222222223,0.3942241666666666
spatial,within,word,5,2,"[1, 3]",0.012333333333333333,0.0007567361314550618,0.004786019526285168,40,0.5637352777777778,0.386508611111111
spatial,within,word,5,3,"[1, 3, 2]",0.0165,0.0009692567716857538,0.006130118072137565,40,0.610837777777778,0.37130694444444434
spatial,within,word,5,5,"[1, 3, 2, 0, 4]",0.020666666666666667,0.0010350000344082463,0.006545914974165403,40,0.6735430555555556,0.3374058333333333
spatial,within,word,5,10,"[1, 3, 2, 0, 4]",0.020666666666666667,0.0010350000344082463,0.006545914974165403,40,0.6735430555555556,0.3374058333333333
spatial,within,word,10,1,[4],0.007583333333333333,0.00039562241344126857,0.002502135839774444,40,0.5435616666666665,0.3822166666666667
spatial,within,word,10,2,"[4, 0]",0.021166666666666667,0.0008569308515454933,0.005419706576302759,40,0.6602944444444445,0.3918591666666667
spatial,within,word,10,3,"[4, 0, 1]",0.02533333333333333,0.0011559335345002913,0.0073107655855794915,40,0.6672830555555557,0.37797638888888885
spatial,within,word,10,5,"[4, 0, 1, 7, 6]",0.028833333333333332,0.001260567863715135,0.0079725311891051,40,0.695498888888889,0.3496894444444444
spatial,within,word,10,10,"[4, 0, 1, 7, 6, 5, 2, 8, 3, 9]",0.030583333333333334,0.001137846093368401,0.0071963705635375175,40,0.7131622222222223,0.32070472222222224
spatial,within,word,25,1,[7],0.008583333333333333,0.0005187029077928005,0.0032805652351551038,40,0.5298066666666666,0.37206666666666666
spatial,within,word,25,2,"[7, 4]",0.012750000000000001,0.0008259286407784389,0.005223631379253783,40,0.5852841666666667,0.3669697222222222
spatial,within,word,25,3,"[7, 4, 1]",0.027333333333333338,0.001114524670954054,0.007048872937329038,40,0.7130691666666668,0.3805405555555555
spatial,within,word,25,5,"[7, 4, 1, 2, 6]",0.03175000000000001,0.0009695322983237214,0.0061318606556016175,40,0.7265752777777779,0.35908083333333324
spatial,within,word,25,10,"[7, 4, 1, 2, 6, 9, 11, 5, 14, 3]",0.04716666666666667,0.0016561634861563311,0.010474497587717499,40,0.748992777777778,0.3238899999999999
spatial,within,word,50,1,[10],0.007666666666666667,0.0006109168300344762,0.0038637772876778144,40,0.532465,0.3819177777777778
spatial,within,word,50,2,"[10, 9]",0.010166666666666668,0.0006531754562429428,0.004131044306894694,40,0.5508141666666667,0.3698913888888889
spatial,within,word,50,3,"[10, 9, 2]",0.026000000000000002,0.0010350000344082463,0.006545914974165403,40,0.6972419444444444,0.3765255555555555
spatial,within,word,50,5,"[10, 9, 2, 4, 3]",0.029833333333333333,0.0012227077512693885,0.007733082813507806,40,0.7145786111111112,0.3467124999999999
spatial,within,word,50,10,"[10, 9, 2, 4, 3, 16, 12, 6, 15, 1]",0.033499999999999995,0.0013071684890210054,0.008267259421814362,40,0.7346250000000001,0.33645499999999995
spatial,within,word,75,1,[5],0.008166666666666666,0.00047666337934435156,0.0030146839118420175,40,0.542873888888889,0.39987055555555545
spatial,within,word,75,2,"[5, 4]",0.015333333333333332,0.0008506742758816229,0.005380136517400738,40,0.6938816666666667,0.3748402777777777
spatial,within,word,75,3,"[5, 4, 15]",0.018916666666666665,0.0009870060342677298,0.006242374265232457,40,0.6992519444444445,0.3583241666666665
spatial,within,word,75,5,"[5, 4, 15, 12, 2]",0.025916666666666664,0.0013685909946150128,0.008655729456357356,40,0.6998544444444446,0.3419908333333332
spatial,within,word,75,10,"[5, 4, 15, 12, 2, 6, 10, 71, 13, 11]",0.037333333333333336,0.0014480559715929827,0.009158310099283813,40,0.7104025000000002,0.331708611111111
spatial,within,word,100,1,[6],0.008749999999999999,0.0005808861979155425,0.003673846893536936,40,0.5499869444444445,0.4043197222222221
spatial,within,word,100,2,"[6, 5]",0.014916666666666667,0.0008093779046851927,0.005118955333239753,40,0.6980522222222223,0.3768072222222222
spatial,within,word,100,3,"[6, 5, 11]",0.02325,0.0012316314198720143,0.007789521049245465,40,0.7052552777777779,0.3522655555555554
spatial,within,word,100,5,"[6, 5, 11, 13, 9]",0.022083333333333337,0.0010918468892796413,0.006905446052586696,40,0.7123019444444445,0.34943361111111104
spatial,within,word,100,10,"[6, 5, 11, 13, 9, 10, 8, 24, 44, 20]",0.033999999999999996,0.001152230587875243,0.007287346094801119,40,0.7084819444444446,0.34892749999999995
