analysis_type,fit_scope,condition,K,top_m,selected_archetypes,mean,err,std,count,rank_mean,error_mean,fit_source_file,fit_source_basename
spatial,across,intact,5,1,[2],0.0085833333333333,0.0005454747794744,0.0034498854186348,40,0.6707313888888888,0.3544330555555554,,
spatial,across,intact,5,2,"[2, 1]",0.0174166666666666,0.0008728861319955,0.0055206166301607,40,0.7268686111111113,0.3264252777777777,,
spatial,across,intact,5,3,"[2, 1, 3]",0.025,0.0012460764634269,0.0078808795263131,40,0.7443369444444448,0.3090713888888886,,
spatial,across,intact,5,5,"[2, 1, 3, 0, 4]",0.0343333333333333,0.001443128920998,0.0091271486952302,40,0.7945766666666669,0.2894891666666664,,
spatial,across,intact,5,10,"[2, 1, 3, 0, 4]",0.0343333333333333,0.001443128920998,0.0091271486952302,40,0.7945766666666669,0.2894891666666664,,
spatial,across,intact,10,1,[4],0.0085,0.0005462902602399,0.0034550429718488,40,0.6085075000000001,0.3948527777777777,msaa_flexible_outputs_npz/spatialAA_across_acrossCond_K10.npz,spatialAA_across_acrossCond_K10.npz
spatial,across,intact,10,2,"[4, 2]",0.0163333333333333,0.0008915558282417,0.0056386941568834,40,0.652933888888889,0.3859311111111109,msaa_flexible_outputs_npz/spatialAA_across_acrossCond_K10.npz,spatialAA_across_acrossCond_K10.npz
spatial,across,intact,10,3,"[4, 2, 3]",0.0251666666666666,0.0012110013280439,0.0076590448922152,40,0.7541358333333334,0.3175752777777776,msaa_flexible_outputs_npz/spatialAA_across_acrossCond_K10.npz,spatialAA_across_acrossCond_K10.npz
spatial,across,intact,10,5,"[4, 2, 3, 5, 0]",0.0263333333333333,0.0009306432539361,0.0058859047430173,40,0.7694980555555558,0.3141152777777776,msaa_flexible_outputs_npz/spatialAA_across_acrossCond_K10.npz,spatialAA_across_acrossCond_K10.npz
spatial,across,intact,10,10,"[4, 2, 3, 5, 0, 6, 1, 7, 9, 8]",0.0483333333333333,0.0017982264133357,0.0113729824296324,40,0.8235058333333335,0.2722888888888887,msaa_flexible_outputs_npz/spatialAA_across_acrossCond_K10.npz,spatialAA_across_acrossCond_K10.npz
spatial,across,intact,25,1,[6],0.0084166666666666,0.0006084343084444,0.0038480764425479,40,0.6033025,0.4076105555555555,msaa_flexible_outputs_npz/spatialAA_across_acrossCond_K25.npz,spatialAA_across_acrossCond_K25.npz
spatial,across,intact,25,2,"[6, 5]",0.0155833333333333,0.000942714604857,0.0059622506697079,40,0.7311422222222224,0.3355922222222222,msaa_flexible_outputs_npz/spatialAA_across_acrossCond_K25.npz,spatialAA_across_acrossCond_K25.npz
spatial,across,intact,25,3,"[6, 5, 2]",0.0305,0.0013479434583659,0.0085251429711215,40,0.8061602777777779,0.3296702777777776,msaa_flexible_outputs_npz/spatialAA_across_acrossCond_K25.npz,spatialAA_across_acrossCond_K25.npz
spatial,across,intact,25,5,"[6, 5, 2, 4, 3]",0.0505,0.0012718181346094,0.0080436841497447,40,0.8494163888888892,0.2989483333333331,msaa_flexible_outputs_npz/spatialAA_across_acrossCond_K25.npz,spatialAA_across_acrossCond_K25.npz
spatial,across,intact,25,10,"[6, 5, 2, 4, 3, 10, 16, 1, 8, 9]",0.06275,0.0022100763158627,0.0139777499218398,40,0.8606450000000005,0.2690969444444442,msaa_flexible_outputs_npz/spatialAA_across_acrossCond_K25.npz,spatialAA_across_acrossCond_K25.npz
spatial,across,intact,50,1,[9],0.0098333333333333,0.0006195991719677,0.0039186892395449,40,0.6097761111111112,0.3992211111111111,msaa_flexible_outputs_npz/spatialAA_across_acrossCond_K50.npz,spatialAA_across_acrossCond_K50.npz
spatial,across,intact,50,2,"[9, 6]",0.0165,0.0008090478382385,0.0051168678097383,40,0.7137280555555556,0.3575227777777778,msaa_flexible_outputs_npz/spatialAA_across_acrossCond_K50.npz,spatialAA_across_acrossCond_K50.npz
spatial,across,intact,50,3,"[9, 6, 10]",0.0230833333333333,0.0012135717573577,0.0076753017146074,40,0.7372611111111113,0.3323230555555555,msaa_flexible_outputs_npz/spatialAA_across_acrossCond_K50.npz,spatialAA_across_acrossCond_K50.npz
spatial,across,intact,50,5,"[9, 6, 10, 8, 4]",0.0524166666666666,0.0017822626388835,0.0112720186549883,40,0.8374958333333336,0.295481111111111,msaa_flexible_outputs_npz/spatialAA_across_acrossCond_K50.npz,spatialAA_across_acrossCond_K50.npz
spatial,across,intact,50,10,"[9, 6, 10, 8, 4, 13, 11, 24, 12, 14]",0.0679999999999999,0.002222649531566,0.0140572699201102,40,0.8553050000000002,0.2609311111111109,msaa_flexible_outputs_npz/spatialAA_across_acrossCond_K50.npz,spatialAA_across_acrossCond_K50.npz
spatial,across,intact,75,1,[6],0.0084166666666666,0.0006084343084444,0.0038480764425479,40,0.6659094444444446,0.3722288888888888,msaa_flexible_outputs_npz/spatialAA_across_acrossCond_K75.npz,spatialAA_across_acrossCond_K75.npz
spatial,across,intact,75,2,"[6, 7]",0.01825,0.0009320771460924,0.0058949734732831,40,0.7597133333333336,0.3651452777777777,msaa_flexible_outputs_npz/spatialAA_across_acrossCond_K75.npz,spatialAA_across_acrossCond_K75.npz
spatial,across,intact,75,3,"[6, 7, 9]",0.024,0.0012585887271247,0.0079600140302529,40,0.7716105555555557,0.3596705555555554,msaa_flexible_outputs_npz/spatialAA_across_acrossCond_K75.npz,spatialAA_across_acrossCond_K75.npz
spatial,across,intact,75,5,"[6, 7, 9, 13, 0]",0.0451666666666666,0.0017620161334961,0.0111439685116225,40,0.8327677777777781,0.3010391666666664,msaa_flexible_outputs_npz/spatialAA_across_acrossCond_K75.npz,spatialAA_across_acrossCond_K75.npz
spatial,across,intact,75,10,"[6, 7, 9, 13, 0, 11, 12, 14, 40, 8]",0.06725,0.0021212783733687,0.0134161424222045,40,0.851958055555556,0.2700719444444441,msaa_flexible_outputs_npz/spatialAA_across_acrossCond_K75.npz,spatialAA_across_acrossCond_K75.npz
spatial,across,intact,100,1,[8],0.011,0.0006338054920158,0.0040085378965872,40,0.6506513888888891,0.3089711111111111,msaa_flexible_outputs_npz/spatialAA_across_acrossCond_K100.npz,spatialAA_across_acrossCond_K100.npz
spatial,across,intact,100,2,"[8, 12]",0.0143333333333333,0.000747264717757,0.0047261170463904,40,0.7049847222222223,0.3276344444444444,msaa_flexible_outputs_npz/spatialAA_across_acrossCond_K100.npz,spatialAA_across_acrossCond_K100.npz
spatial,across,intact,100,3,"[8, 12, 4]",0.0243333333333333,0.0011887411043223,0.0075182588758446,40,0.7543158333333334,0.2981072222222221,msaa_flexible_outputs_npz/spatialAA_across_acrossCond_K100.npz,spatialAA_across_acrossCond_K100.npz
spatial,across,intact,100,5,"[8, 12, 4, 9, 10]",0.048,0.0017287579323329,0.0109336251785105,40,0.8346572222222226,0.3096136111111109,msaa_flexible_outputs_npz/spatialAA_across_acrossCond_K100.npz,spatialAA_across_acrossCond_K100.npz
spatial,across,intact,100,10,"[8, 12, 4, 9, 10, 21, 59, 14, 15, 27]",0.06875,0.0018127732135175,0.0114649844721163,40,0.8603869444444449,0.2753411111111108,msaa_flexible_outputs_npz/spatialAA_across_acrossCond_K100.npz,spatialAA_across_acrossCond_K100.npz
spatial,across,intact,300,1,[28],0.009916666666666667,0.0007594373010624473,0.00480310322289669,40,0.6843344444444446,0.3537269444444444,,
spatial,across,intact,300,2,"[28, 25]",0.015333333333333334,0.0007988595860203708,0.0050524316449671565,40,0.7278397222222224,0.3749052777777776,,
spatial,across,intact,300,3,"[28, 25, 26]",0.01625,0.0008455303971009275,0.005347603771491124,40,0.7354933333333336,0.3666463888888888,,
spatial,across,intact,300,5,"[28, 25, 26, 31, 32]",0.020916666666666667,0.0012798431839481646,0.008094439018236102,40,0.7578619444444445,0.3560311111111111,,
spatial,across,intact,300,10,"[28, 25, 26, 31, 32, 30, 24, 36, 50, 29]",0.05575,0.0017500000000000003,0.01106797181058933,40,0.8343858333333337,0.2839108333333332,,
spatial,across,intact,500,1,[40],0.009,0.000828619144486589,0.00524064761879555,40,0.672896388888889,0.3470824999999999,,
spatial,across,intact,500,2,"[40, 42]",0.017249999999999998,0.0011061051762688125,0.006995623377422947,40,0.751996388888889,0.3277666666666666,,
spatial,across,intact,500,3,"[40, 42, 38]",0.02275,0.0012339424460297813,0.007804137262027008,40,0.7672283333333334,0.3243058333333333,,
spatial,across,intact,500,5,"[40, 42, 38, 50, 107]",0.04558333333333333,0.0012820673075921486,0.008108505611261748,40,0.8227244444444446,0.2971213888888887,,
spatial,across,intact,500,10,"[40, 42, 38, 50, 107, 99, 53, 77, 87, 58]",0.065,0.0019971489650509266,0.012631079112417891,40,0.8375519444444446,0.2738152777777776,,
spatial,across,intact,700,1,[53],0.005833333333333334,0.0005692750425533111,0.0036004114991154785,40,0.6408236111111111,0.33783055555555547,,
spatial,across,intact,700,2,"[53, 81]",0.012416666666666668,0.0008687966921597321,0.0054947527416898114,40,0.6741016666666667,0.35563055555555545,,
spatial,across,intact,700,3,"[53, 81, 147]",0.026333333333333337,0.0010925805204799295,0.006910085943697643,40,0.7384213888888891,0.32934499999999983,,
spatial,across,intact,700,5,"[53, 81, 147, 95, 59]",0.037333333333333336,0.0017508646622532151,0.011073440414843195,40,0.7637841666666668,0.2976486111111109,,
spatial,across,intact,700,10,"[53, 81, 147, 95, 59, 44, 110, 178, 145, 51]",0.07491666666666667,0.0017377470924346146,0.010990477618857075,40,0.826273055555556,0.2818586111111109,,
spatial,across,rest,5,1,[2],0.0065833333333333,0.0008224719532969,0.005201769368052,40,0.5541816666666667,0.3444872222222222,,
spatial,across,rest,5,2,"[2, 1]",0.0059166666666666,0.0007109992566943,0.0044967541316818,40,0.5472452777777779,0.3443772222222222,,
spatial,across,rest,5,3,"[2, 1, 3]",0.005,0.000620173672946,0.0039223227027636,40,0.5269580555555555,0.3401930555555555,,
spatial,across,rest,5,5,"[2, 1, 3, 0, 4]",0.0050833333333333,0.0005722388181146,0.0036191560616103,40,0.5168838888888889,0.3501905555555555,,
spatial,across,rest,5,10,"[2, 1, 3, 0, 4]",0.0050833333333333,0.0005722388181146,0.0036191560616103,40,0.5168838888888889,0.3501905555555555,,
spatial,across,rest,10,1,[4],0.0058333333333333,0.0005168113941217,0.003268602252303,40,0.5083641666666667,0.3848319444444444,msaa_flexible_outputs_npz/spatialAA_across_acrossCond_K10.npz,spatialAA_across_acrossCond_K10.npz
spatial,across,rest,10,2,"[4, 2]",0.0080833333333333,0.0005583795745617,0.0035315025090618,40,0.515868611111111,0.3638105555555554,msaa_flexible_outputs_npz/spatialAA_across_acrossCond_K10.npz,spatialAA_across_acrossCond_K10.npz
spatial,across,rest,10,3,"[4, 2, 3]",0.0065833333333333,0.0007779685358258,0.004920305042312,40,0.5397205555555555,0.3358038888888888,msaa_flexible_outputs_npz/spatialAA_across_acrossCond_K10.npz,spatialAA_across_acrossCond_K10.npz
spatial,across,rest,10,5,"[4, 2, 3, 5, 0]",0.0059166666666666,0.0006481125346341,0.0040990235790971,40,0.5408736111111111,0.3366380555555555,msaa_flexible_outputs_npz/spatialAA_across_acrossCond_K10.npz,spatialAA_across_acrossCond_K10.npz
spatial,across,rest,10,10,"[4, 2, 3, 5, 0, 6, 1, 7, 9, 8]",0.006,0.0006224663745652,0.0039368230209872,40,0.5262416666666667,0.3430138888888889,msaa_flexible_outputs_npz/spatialAA_across_acrossCond_K10.npz,spatialAA_across_acrossCond_K10.npz
spatial,across,rest,25,1,[6],0.0064166666666666,0.0005389065112987,0.0034083440431988,40,0.5305613888888889,0.3720138888888888,msaa_flexible_outputs_npz/spatialAA_across_acrossCond_K25.npz,spatialAA_across_acrossCond_K25.npz
spatial,across,rest,25,2,"[6, 5]",0.007,0.000557262335477,0.0035244364686645,40,0.5375227777777779,0.33946,msaa_flexible_outputs_npz/spatialAA_across_acrossCond_K25.npz,spatialAA_across_acrossCond_K25.npz
spatial,across,rest,25,3,"[6, 5, 2]",0.0079166666666666,0.0007029394935724,0.0044457797139486,40,0.5414163888888888,0.3258652777777778,msaa_flexible_outputs_npz/spatialAA_across_acrossCond_K25.npz,spatialAA_across_acrossCond_K25.npz
spatial,across,rest,25,5,"[6, 5, 2, 4, 3]",0.0070833333333333,0.0006223233281713,0.003935918316156,40,0.54234,0.3371822222222222,msaa_flexible_outputs_npz/spatialAA_across_acrossCond_K25.npz,spatialAA_across_acrossCond_K25.npz
spatial,across,rest,25,10,"[6, 5, 2, 4, 3, 10, 16, 1, 8, 9]",0.0064166666666666,0.000613098942578,0.0038775781791747,40,0.5334033333333333,0.3425405555555555,msaa_flexible_outputs_npz/spatialAA_across_acrossCond_K25.npz,spatialAA_across_acrossCond_K25.npz
spatial,across,rest,50,1,[9],0.0061666666666666,0.0006032910690206,0.0038155477402863,40,0.5129397222222222,0.3690691666666666,msaa_flexible_outputs_npz/spatialAA_across_acrossCond_K50.npz,spatialAA_across_acrossCond_K50.npz
spatial,across,rest,50,2,"[9, 6]",0.0065,0.0006195991719677,0.0039186892395449,40,0.5418130555555555,0.3613105555555555,msaa_flexible_outputs_npz/spatialAA_across_acrossCond_K50.npz,spatialAA_across_acrossCond_K50.npz
spatial,across,rest,50,3,"[9, 6, 10]",0.0064166666666666,0.0006013695196343,0.003803394794892,40,0.5463083333333334,0.3555630555555555,msaa_flexible_outputs_npz/spatialAA_across_acrossCond_K50.npz,spatialAA_across_acrossCond_K50.npz
spatial,across,rest,50,5,"[9, 6, 10, 8, 4]",0.0063333333333333,0.0006730463973541,0.0042567191732199,40,0.5566619444444445,0.3340547222222222,msaa_flexible_outputs_npz/spatialAA_across_acrossCond_K50.npz,spatialAA_across_acrossCond_K50.npz
spatial,across,rest,50,10,"[9, 6, 10, 8, 4, 13, 11, 24, 12, 14]",0.0071666666666666,0.0006913177474361,0.0043722773375906,40,0.5356719444444444,0.326498611111111,msaa_flexible_outputs_npz/spatialAA_across_acrossCond_K50.npz,spatialAA_across_acrossCond_K50.npz
spatial,across,rest,75,1,[6],0.006,0.0006666666666666,0.0042163702135578,40,0.5312430555555556,0.3405652777777777,msaa_flexible_outputs_npz/spatialAA_across_acrossCond_K75.npz,spatialAA_across_acrossCond_K75.npz
spatial,across,rest,75,2,"[6, 7]",0.0034166666666666,0.0004697016692749,0.0029706541913838,40,0.528293888888889,0.3501513888888888,msaa_flexible_outputs_npz/spatialAA_across_acrossCond_K75.npz,spatialAA_across_acrossCond_K75.npz
spatial,across,rest,75,3,"[6, 7, 9]",0.0059166666666666,0.0006257474163429,0.0039575741512185,40,0.5250630555555557,0.3525186111111111,msaa_flexible_outputs_npz/spatialAA_across_acrossCond_K75.npz,spatialAA_across_acrossCond_K75.npz
spatial,across,rest,75,5,"[6, 7, 9, 13, 0]",0.0066666666666666,0.0006856277926728,0.0043362909039199,40,0.5258730555555556,0.3442402777777778,msaa_flexible_outputs_npz/spatialAA_across_acrossCond_K75.npz,spatialAA_across_acrossCond_K75.npz
spatial,across,rest,75,10,"[6, 7, 9, 13, 0, 11, 12, 14, 40, 8]",0.008,0.0006405126152203,0.0040509574683346,40,0.5530677777777778,0.3453877777777777,msaa_flexible_outputs_npz/spatialAA_across_acrossCond_K75.npz,spatialAA_across_acrossCond_K75.npz
spatial,across,rest,100,1,[8],0.0058333333333333,0.000672517064675,0.0042533713794081,40,0.5365936111111111,0.3377641666666666,msaa_flexible_outputs_npz/spatialAA_across_acrossCond_K100.npz,spatialAA_across_acrossCond_K100.npz
spatial,across,rest,100,2,"[8, 12]",0.0063333333333333,0.0008251737277153,0.0052188568898243,40,0.5513549999999999,0.3455974999999999,msaa_flexible_outputs_npz/spatialAA_across_acrossCond_K100.npz,spatialAA_across_acrossCond_K100.npz
spatial,across,rest,100,3,"[8, 12, 4]",0.0054166666666666,0.0005558225853982,0.0035153306896435,40,0.5562052777777777,0.3405538888888889,msaa_flexible_outputs_npz/spatialAA_across_acrossCond_K100.npz,spatialAA_across_acrossCond_K100.npz
spatial,across,rest,100,5,"[8, 12, 4, 9, 10]",0.00425,0.0005722388181146,0.0036191560616103,40,0.5523847222222222,0.3478044444444444,msaa_flexible_outputs_npz/spatialAA_across_acrossCond_K100.npz,spatialAA_across_acrossCond_K100.npz
spatial,across,rest,100,10,"[8, 12, 4, 9, 10, 21, 59, 14, 15, 27]",0.006,0.0006224663745652,0.0039368230209872,40,0.5400886111111111,0.3382838888888889,msaa_flexible_outputs_npz/spatialAA_across_acrossCond_K100.npz,spatialAA_across_acrossCond_K100.npz
spatial,across,rest,300,1,[28],0.005583333333333333,0.0006792351572617534,0.0042958603276195976,40,0.5224830555555556,0.33048888888888894,,
spatial,across,rest,300,2,"[28, 25]",0.004583333333333333,0.0006611685674953662,0.004181597181192252,40,0.5191180555555557,0.33690277777777783,,
spatial,across,rest,300,3,"[28, 25, 26]",0.003916666666666667,0.0006188802957865281,0.003914142667368273,40,0.5099100000000001,0.34250027777777775,,
spatial,across,rest,300,5,"[28, 25, 26, 31, 32]",0.005416666666666667,0.0006611685674953662,0.004181597181192252,40,0.5312211111111111,0.34673999999999994,,
spatial,across,rest,300,10,"[28, 25, 26, 31, 32, 30, 24, 36, 50, 29]",0.006333333333333334,0.000683546975149819,0.004323130658383886,40,0.5473224999999999,0.33222222222222225,,
spatial,across,rest,500,1,[40],0.003166666666666667,0.0005330928945203023,0.0033715755022721006,40,0.5125322222222223,0.3510238888888889,,
spatial,across,rest,500,2,"[40, 42]",0.00425,0.0006425942346670646,0.004064122785681311,40,0.5396872222222222,0.3448747222222222,,
spatial,across,rest,500,3,"[40, 42, 38]",0.004666666666666667,0.0005175000172041232,0.003272957487082702,40,0.5121330555555555,0.34078638888888885,,
spatial,across,rest,500,5,"[40, 42, 38, 50, 107]",0.006416666666666668,0.0008801992457680887,0.005566868822778968,40,0.5217277777777778,0.34312555555555546,,
spatial,across,rest,500,10,"[40, 42, 38, 50, 107, 99, 53, 77, 87, 58]",0.009833333333333333,0.0008178040222470289,0.0051722467798952475,40,0.5505641666666667,0.33700888888888886,,
spatial,across,rest,700,1,[53],0.006166666666666667,0.0005277215444626347,0.0033376041016874875,40,0.5341352777777779,0.35290027777777777,,
spatial,across,rest,700,2,"[53, 81]",0.008916666666666666,0.0005519648921491675,0.003490932495281123,40,0.5200405555555556,0.35066277777777777,,
spatial,across,rest,700,3,"[53, 81, 147]",0.008416666666666666,0.0007159905377464497,0.0045283217648150855,40,0.556316111111111,0.3367897222222222,,
spatial,across,rest,700,5,"[53, 81, 147, 95, 59]",0.00775,0.0005647213971599237,0.0035716117169158033,40,0.5446130555555555,0.33313444444444446,,
spatial,across,rest,700,10,"[53, 81, 147, 95, 59, 44, 110, 178, 145, 51]",0.008583333333333335,0.000652493573338361,0.004126731700742675,40,0.5619127777777779,0.33675055555555555,,
spatial,across,word,5,1,[2],0.00625,0.0006448072217929,0.0040781189451822,40,0.5504149999999999,0.3645122222222222,,
spatial,across,word,5,2,"[2, 1]",0.0114166666666666,0.0007537890989514,0.0047673808561851,40,0.5799155555555556,0.3971977777777777,,
spatial,across,word,5,3,"[2, 1, 3]",0.0149166666666666,0.0008850410842428,0.0055974912980645,40,0.5902677777777778,0.3808569444444443,,
spatial,across,word,5,5,"[2, 1, 3, 0, 4]",0.0168333333333333,0.0008001958449738,0.0050608828886406,40,0.6419222222222223,0.3437697222222221,,
spatial,across,word,5,10,"[2, 1, 3, 0, 4]",0.0168333333333333,0.0008001958449738,0.0050608828886406,40,0.6419222222222223,0.3437697222222221,,
spatial,across,word,10,1,[4],0.0086666666666666,0.0004744167209018,0.0030004747962362,40,0.5389463888888889,0.3833705555555555,msaa_flexible_outputs_npz/spatialAA_across_acrossCond_K10.npz,spatialAA_across_acrossCond_K10.npz
spatial,across,word,10,2,"[4, 2]",0.0141666666666666,0.0008160603016655,0.0051612185226142,40,0.5577161111111112,0.3746238888888887,msaa_flexible_outputs_npz/spatialAA_across_acrossCond_K10.npz,spatialAA_across_acrossCond_K10.npz
spatial,across,word,10,3,"[4, 2, 3]",0.0173333333333333,0.0010070973211388,0.0063694427205055,40,0.6017666666666668,0.3731719444444443,msaa_flexible_outputs_npz/spatialAA_across_acrossCond_K10.npz,spatialAA_across_acrossCond_K10.npz
spatial,across,word,10,5,"[4, 2, 3, 5, 0]",0.0198333333333333,0.0009838438483563,0.006222374845503,40,0.6025425000000001,0.3633963888888888,msaa_flexible_outputs_npz/spatialAA_across_acrossCond_K10.npz,spatialAA_across_acrossCond_K10.npz
spatial,across,word,10,10,"[4, 2, 3, 5, 0, 6, 1, 7, 9, 8]",0.0321666666666666,0.0016944269299921,0.0107164968550037,40,0.6914975,0.3028830555555554,msaa_flexible_outputs_npz/spatialAA_across_acrossCond_K10.npz,spatialAA_across_acrossCond_K10.npz
spatial,across,word,25,1,[6],0.008,0.0006062354060275,0.0038341693625679,40,0.5539113888888889,0.3816422222222222,msaa_flexible_outputs_npz/spatialAA_across_acrossCond_K25.npz,spatialAA_across_acrossCond_K25.npz
spatial,across,word,25,2,"[6, 5]",0.0126666666666666,0.0009026709338484,0.0057089922571845,40,0.5856141666666667,0.3727227777777777,msaa_flexible_outputs_npz/spatialAA_across_acrossCond_K25.npz,spatialAA_across_acrossCond_K25.npz
spatial,across,word,25,3,"[6, 5, 2]",0.027,0.0011982893790305,0.0075786474674507,40,0.6798569444444444,0.3766080555555555,msaa_flexible_outputs_npz/spatialAA_across_acrossCond_K25.npz,spatialAA_across_acrossCond_K25.npz
spatial,across,word,25,5,"[6, 5, 2, 4, 3]",0.03225,0.0013887393081845,0.0087831585801393,40,0.6760427777777778,0.3429802777777777,msaa_flexible_outputs_npz/spatialAA_across_acrossCond_K25.npz,spatialAA_across_acrossCond_K25.npz
spatial,across,word,25,10,"[6, 5, 2, 4, 3, 10, 16, 1, 8, 9]",0.03725,0.0013230775442256,0.0083678771215504,40,0.6937477777777781,0.3259611111111111,msaa_flexible_outputs_npz/spatialAA_across_acrossCond_K25.npz,spatialAA_across_acrossCond_K25.npz
spatial,across,word,50,1,[9],0.0069166666666666,0.0005117911677922,0.0032368515531621,40,0.5474544444444444,0.3541422222222222,msaa_flexible_outputs_npz/spatialAA_across_acrossCond_K50.npz,spatialAA_across_acrossCond_K50.npz
spatial,across,word,50,2,"[9, 6]",0.0100833333333333,0.0006697312043199,0.0042357520514774,40,0.5815997222222222,0.3516769444444444,msaa_flexible_outputs_npz/spatialAA_across_acrossCond_K50.npz,spatialAA_across_acrossCond_K50.npz
spatial,across,word,50,3,"[9, 6, 10]",0.0134166666666666,0.0007779685358258,0.004920305042312,40,0.6106316666666667,0.3573402777777777,msaa_flexible_outputs_npz/spatialAA_across_acrossCond_K50.npz,spatialAA_across_acrossCond_K50.npz
spatial,across,word,50,5,"[9, 6, 10, 8, 4]",0.0355833333333333,0.00139385862997,0.0088155360139741,40,0.7250844444444444,0.3609866666666667,msaa_flexible_outputs_npz/spatialAA_across_acrossCond_K50.npz,spatialAA_across_acrossCond_K50.npz
spatial,across,word,50,10,"[9, 6, 10, 8, 4, 13, 11, 24, 12, 14]",0.04425,0.0016537426257929,0.0104591867224266,40,0.7386833333333334,0.3334380555555555,msaa_flexible_outputs_npz/spatialAA_across_acrossCond_K50.npz,spatialAA_across_acrossCond_K50.npz
spatial,across,word,75,1,[6],0.0085,0.0006079951641733,0.0038452990503112,40,0.6829366666666667,0.3770694444444444,msaa_flexible_outputs_npz/spatialAA_across_acrossCond_K75.npz,spatialAA_across_acrossCond_K75.npz
spatial,across,word,75,2,"[6, 7]",0.01625,0.0008455303971009,0.0053476037714911,40,0.7201466666666667,0.3793380555555555,msaa_flexible_outputs_npz/spatialAA_across_acrossCond_K75.npz,spatialAA_across_acrossCond_K75.npz
spatial,across,word,75,3,"[6, 7, 9]",0.0223333333333333,0.0013513736811891,0.0085468376051281,40,0.7094013888888888,0.3811688888888888,msaa_flexible_outputs_npz/spatialAA_across_acrossCond_K75.npz,spatialAA_across_acrossCond_K75.npz
spatial,across,word,75,5,"[6, 7, 9, 13, 0]",0.0326666666666666,0.0014627375498021,0.0092511645528574,40,0.7152902777777779,0.3564063888888887,msaa_flexible_outputs_npz/spatialAA_across_acrossCond_K75.npz,spatialAA_across_acrossCond_K75.npz
spatial,across,word,75,10,"[6, 7, 9, 13, 0, 11, 12, 14, 40, 8]",0.0405,0.0013844373104863,0.0087559503577091,40,0.7216302777777779,0.3282572222222221,msaa_flexible_outputs_npz/spatialAA_across_acrossCond_K75.npz,spatialAA_across_acrossCond_K75.npz
spatial,across,word,100,1,[8],0.0065,0.0006421784505829,0.0040614931362402,40,0.5595550000000001,0.3296286111111111,msaa_flexible_outputs_npz/spatialAA_across_acrossCond_K100.npz,spatialAA_across_acrossCond_K100.npz
spatial,across,word,100,2,"[8, 12]",0.0091666666666666,0.0008160603016655,0.0051612185226142,40,0.6004908333333333,0.3442288888888888,msaa_flexible_outputs_npz/spatialAA_across_acrossCond_K100.npz,spatialAA_across_acrossCond_K100.npz
spatial,across,word,100,3,"[8, 12, 4]",0.0105833333333333,0.0008597314561176,0.0054374191548497,40,0.6165344444444445,0.3410199999999999,msaa_flexible_outputs_npz/spatialAA_across_acrossCond_K100.npz,spatialAA_across_acrossCond_K100.npz
spatial,across,word,100,5,"[8, 12, 4, 9, 10]",0.0270833333333333,0.001477212956773,0.0093427150650292,40,0.7331930555555558,0.3433980555555554,msaa_flexible_outputs_npz/spatialAA_across_acrossCond_K100.npz,spatialAA_across_acrossCond_K100.npz
spatial,across,word,100,10,"[8, 12, 4, 9, 10, 21, 59, 14, 15, 27]",0.0279999999999999,0.0014801632311617,0.0093613742386108,40,0.7316091666666669,0.345023611111111,msaa_flexible_outputs_npz/spatialAA_across_acrossCond_K100.npz,spatialAA_across_acrossCond_K100.npz
spatial,across,word,300,1,[28],0.010083333333333335,0.0006590105247982552,0.004167948520770725,40,0.6268205555555555,0.36343833333333325,,
spatial,across,word,300,2,"[28, 25]",0.015000000000000003,0.0009769421448662936,0.006178724639975323,40,0.702941388888889,0.3751147222222222,,
spatial,across,word,300,3,"[28, 25, 26]",0.01575,0.000939687618580143,0.005943106327545623,40,0.7019458333333334,0.3748919444444444,,
spatial,across,word,300,5,"[28, 25, 26, 31, 32]",0.015083333333333332,0.0009695322983237214,0.0061318606556016175,40,0.7103830555555556,0.3684838888888889,,
spatial,across,word,300,10,"[28, 25, 26, 31, 32, 30, 24, 36, 50, 29]",0.02366666666666667,0.0013545323306432498,0.008566814658337916,40,0.7301916666666669,0.3475727777777776,,
spatial,across,word,500,1,[40],0.011583333333333334,0.0008605595145384648,0.005442656256140666,40,0.6877774999999999,0.35380555555555554,,
spatial,across,word,500,2,"[40, 42]",0.020333333333333335,0.0010527402852850783,0.0066581141722325795,40,0.72014,0.3488305555555555,,
spatial,across,word,500,3,"[40, 42, 38]",0.0205,0.0008895563733179257,0.00562604849360736,40,0.7201924999999999,0.3566022222222222,,
spatial,across,word,500,5,"[40, 42, 38, 50, 107]",0.022166666666666668,0.0010711843433489387,0.006774764637788968,40,0.7186927777777778,0.34641111111111106,,
spatial,across,word,500,10,"[40, 42, 38, 50, 107, 99, 53, 77, 87, 58]",0.036250000000000004,0.0015152947678977293,0.009583565586186038,40,0.7231486111111112,0.31993527777777764,,
spatial,across,word,700,1,[53],0.009333333333333334,0.0007376717048657512,0.004665445505670575,40,0.6917850000000001,0.3454763888888889,,
spatial,across,word,700,2,"[53, 81]",0.015250000000000003,0.0008345077194988276,0.005277890237218406,40,0.6900711111111111,0.3555313888888888,,
spatial,across,word,700,3,"[53, 81, 147]",0.02275,0.0011189095984299577,0.007076605653726056,40,0.695753888888889,0.3623341666666667,,
spatial,across,word,700,5,"[53, 81, 147, 95, 59]",0.03183333333333334,0.00165358110908733,0.010458165201086632,40,0.7029472222222223,0.3279802777777777,,
spatial,across,word,700,10,"[53, 81, 147, 95, 59, 44, 110, 178, 145, 51]",0.047,0.0014753434097315025,0.00933089101134115,40,0.743764166666667,0.2954483333333333,,
